Time, (DWRT ATMO) Humidity, (DWRT ATMO) Pressure, (DWRT ATMO) Temperature 1, (DWRT ATMO) Temperature 2, (DWRT CPU) Acceleration, (DWRT CPU) Correction Factor, (DWRT CPU) Distance, (DWRT CPU) Distance 1, (DWRT CPU) Distance 2, (DWRT CPU) Engine RPM, (DWRT CPU) Force, (DWRT CPU) Force 1, (DWRT CPU) Force Drum 1, (DWRT CPU) Gear Ratio, (DWRT CPU) Link 0 Status, (DWRT CPU) Link 1 Status, (DWRT CPU) Power, (DWRT CPU) Power (uncorrected), (DWRT CPU) Power Drum 1, (DWRT CPU) Power Drum 1 (uncorrected), (DWRT CPU) Speed, (DWRT CPU) Speed 1, (DWRT CPU) TCP RX kB/s, (DWRT CPU) TCP TX kB/s, (DWRT CPU) Torque, (DWRT CPU) Torque (uncorrected), (DWRT CPU) Torque Drum 1, (DWRT CPU) Torque Drum 1 (uncorrected), (DWRT CPU) UDP RX kB/s, (DWRT CPU) User Analog 1, (DWRT CPU) WB Volts Petrol AFR, (Gen) Sampling, (Gen) Sampling Duration, 
0, , , , , 1.81, , , , , , 243.42, 243.42, 243.42, , , , , , , , , , , , , , , , , , , , , 
0.05, , , , , 2.252, , , , , , 301.631, 301.631, 301.631, , , , , , , , , , , , , , , , , , , , , 
0.1, , , , , 2.694, , , , , , 359.843, 359.843, 359.843, , , , , , , , , , , , , , , , , 8.5, 8.5, 1, 0.046, 
0.15, , , , , 3.136, , 0.001, 0.001, , 2.612, 418.054, 418.054, 418.054, 67.1, , , , , , , 38.926, 38.926, , , , , , , , 8.5, 8.5, 1, 0.118, 
0.2, , , , , 3.578, , 0.002, 0.002, , 2.636, 476.265, 476.265, 476.265, 67.1, 0, 0, , , , , 39.281, 39.281, , , , , , , , 8.5, 8.5, 1, 0.193, 
0.25, , , , , 3.858, , 0.003, 0.003, , 2.66, 513.16, 513.16, 513.16, 67.1, 0, 0, 81.929, 66.183, 81.929, 66.183, 39.635, 39.635, 0.024, 0.034, 161.081, 130.123, 161.081, 130.123, 16.301, 8.5, 8.5, 1, 0.268, 
0.3, 18.23, , , 70.56, 4.03, , 0.004, 0.004, , 2.683, 535.843, 535.843, 535.843, 67.1, 0, 0, 81.46, 65.804, 81.46, 65.804, 39.989, 39.989, 0.024, 0.034, 159.282, 128.671, 159.282, 128.671, 16.364, 8.5, 8.5, 1, 0.34, 
0.35, 18.23, , , 70.56, 4.202, , 0.005, 0.005, , 2.703, 558.525, 558.525, 558.525, 67.1, 0, 0, 80.991, 65.426, 80.991, 65.426, 40.288, 40.288, 0.024, 0.034, 157.484, 127.218, 157.484, 127.218, 16.427, 8.5, 8.5, 1, 0.39, 
0.4, 18.23, , , 70.56, 4.374, , 0.005, 0.005, , 2.718, 581.208, 581.208, 581.208, 67.1, 0, 0, 80.523, 65.048, 80.523, 65.048, 40.51, 40.51, 0.024, 0.033, 155.685, 125.766, 155.685, 125.766, 16.49, 8.5, 8.5, 1, 0.44, 
0.45, 18.23, , , 70.56, 4.483, , 0.006, 0.006, , 2.733, 595.582, 595.582, 595.582, 67.1, 0, 0, 80.038, 64.656, 80.038, 64.656, 40.732, 40.732, 0.024, 0.033, 153.884, 124.311, 153.884, 124.311, 16.518, 8.5, 8.5, 1, 0.49, 
0.5, 18.23, , , 70.56, 4.43, , 0.007, 0.007, , 2.748, 588.588, 588.588, 588.588, 67.1, 0, 0, 79.511, 64.231, 79.511, 64.231, 40.954, 40.954, 0.024, 0.034, 152.077, 122.852, 152.077, 122.852, 16.528, 8.5, 8.5, 1, 0.54, 
0.55, 18.23, , , 70.56, 4.376, , 0.007, 0.007, , 2.763, 581.594, 581.594, 581.594, 67.1, 0, 0, 78.985, 63.806, 78.985, 63.806, 41.174, 41.174, 0.024, 0.034, 150.27, 121.392, 150.27, 121.392, 16.537, 8.5, 8.5, 1, 0.59, 
0.6, 18.23, , , 70.56, 4.323, , 0.008, 0.008, , 2.777, 574.6, 574.6, 574.6, 67.1, 0, 0, 78.459, 63.381, 78.459, 63.381, 41.385, 41.385, 0.024, 0.034, 148.463, 119.933, 148.463, 119.933, 16.546, 8.5, 8.5, 1, 0.64, 
0.65, 18.23, , , 70.56, 4.272, , 0.008, 0.008, , 2.791, 567.871, 567.871, 567.871, 67.1, 0, 0, 77.965, 62.982, 77.965, 62.982, 41.597, 41.597, 0.024, 0.034, 146.724, 118.529, 146.724, 118.529, 16.529, 8.5, 8.5, 1, 0.69, 
0.7, 18.23, , , 70.56, 4.244, , 0.009, 0.009, , 2.805, 564.198, 564.198, 564.198, 67.1, 0, 0, 77.841, 62.883, 77.841, 62.883, 41.808, 41.808, 0.024, 0.034, 145.775, 117.762, 145.775, 117.762, 16.492, 8.5, 8.5, 1, 0.74, 
0.75, 18.23, , , 70.56, 4.216, , 0.009, 0.009, , 2.819, 560.524, 560.524, 560.524, 67.1, 0, 0, 77.718, 62.783, 77.718, 62.783, 42.02, 42.02, 0.024, 0.034, 144.826, 116.995, 144.826, 116.995, 16.456, 8.5, 8.5, 1, 0.79, 
0.8, 18.23, , , 70.56, 4.188, , 0.01, 0.01, , 2.833, 556.85, 556.85, 556.85, 67.1, 0, 0, 77.594, 62.683, 77.594, 62.683, 42.227, 42.227, 0.024, 0.034, 143.877, 116.228, 143.877, 116.228, 16.419, 8.5, 8.5, 1, 0.84, 
0.85, 18.23, , , 70.56, 4.16, , 0.011, 0.011, , 2.847, 553.177, 553.177, 553.177, 67.1, 0, 0, 77.47, 62.584, 77.47, 62.584, 42.434, 42.434, 0.024, 0.034, 142.928, 115.461, 142.928, 115.461, 16.41, 8.5, 8.5, 1, 0.89, 
0.9, 18.23, , , 70.56, 4.141, , 0.011, 0.011, , 2.861, 550.674, 550.674, 550.674, 67.1, 0, 0, 77.489, 62.599, 77.489, 62.599, 42.641, 42.641, 0.024, 0.034, 142.281, 114.938, 142.281, 114.938, 16.429, 8.5, 8.5, 1, 0.94, 
0.95, 18.23, , , 70.56, 4.122, , 0.012, 0.012, , 2.875, 548.22, 548.22, 548.22, 67.1, 0, 0, 77.514, 62.619, 77.514, 62.619, 42.848, 42.848, 0.024, 0.034, 141.647, 114.426, 141.647, 114.426, 16.448, 8.5, 8.5, 1, 0.99, 
1, 18.23, , , 70.56, 4.103, , 0.012, 0.012, , 2.888, 545.766, 545.766, 545.766, 67.1, 0, 0, 77.539, 62.639, 77.539, 62.639, 43.049, 43.049, 0.024, 0.034, 141.012, 113.913, 141.012, 113.913, 16.467, 8.5, 8.5, 1, 1.04, 
1.05, 18.23, , , 70.56, 4.084, , 0.013, 0.013, , 2.902, 543.312, 543.312, 543.312, 67.1, 0, 0, 77.564, 62.659, 77.564, 62.659, 43.25, 43.25, 0.024, 0.034, 140.378, 113.401, 140.378, 113.401, 16.492, 8.5, 8.5, 1, 1.09, 
1.1, 18.23, , , 70.56, 4.072, , 0.014, 0.014, , 2.916, 541.677, 541.677, 541.677, 67.1, 0, 0, 77.686, 62.757, 77.686, 62.757, 43.452, 43.452, 0.024, 0.034, 139.955, 113.059, 139.955, 113.059, 16.526, 8.5, 8.5, 1, 1.14, 
1.15, 18.23, 24.29, 69.46, 70.56, 4.059, 1.238, 0.014, 0.014, , 2.929, 540.093, 540.093, 540.093, 67.1, 0, 0, 77.815, 62.861, 77.815, 62.861, 43.653, 43.653, 0.024, 0.034, 139.546, 112.728, 139.546, 112.728, 16.56, 8.5, 8.5, 1, 1.19, 
1.2, 18.23, 24.29, 69.46, 70.56, 4.047, 1.238, 0.015, 0.015, , 2.943, 538.51, 538.51, 538.51, 67.1, 0, 0, 77.944, 62.964, 77.944, 62.964, 43.852, 43.852, 0.024, 0.034, 139.137, 112.397, 139.137, 112.397, 16.594, 8.5, 8.5, 1, 1.24, 
1.25, 18.23, 24.29, 69.46, 70.56, 4.035, 1.238, 0.015, 0.015, , 2.956, 536.927, 536.927, 536.927, 67.1, 0, 0, 78.072, 63.068, 78.072, 63.068, 44.051, 44.051, 0.024, 0.034, 138.728, 112.067, 138.728, 112.067, 16.613, 8.5, 8.5, 1, 1.29, 
1.3, 18.23, 24.29, 69.46, 70.56, 4.031, 1.238, 0.016, 0.016, , 2.969, 536.361, 536.361, 536.361, 67.1, 0, 0, 78.345, 63.288, 78.345, 63.288, 44.25, 44.25, 0.024, 0.034, 138.582, 111.949, 138.582, 111.949, 16.609, 8.5, 8.5, 1, 1.34, 
1.35, 18.23, 24.29, 69.46, 70.56, 4.026, 1.238, 0.017, 0.017, , 2.983, 535.816, 535.816, 535.816, 67.1, 0, 0, 78.621, 63.511, 78.621, 63.511, 44.449, 44.449, 0.024, 0.034, 138.442, 111.835, 138.442, 111.835, 16.605, 8.5, 8.5, 1, 1.39, 
1.4, 18.23, 24.29, 69.46, 70.56, 4.022, 1.238, 0.017, 0.017, , 2.996, 535.271, 535.271, 535.271, 67.1, 0, 0, 78.897, 63.734, 78.897, 63.734, 44.65, 44.65, 0.024, 0.033, 138.301, 111.722, 138.301, 111.722, 16.601, 8.5, 8.5, 1, 1.44, 
1.45, 18.23, 24.29, 69.46, 70.56, 4.02, 1.238, 0.018, 0.018, , 3.01, 535.08, 535.08, 535.08, 67.1, 0, 0, 79.226, 64, 79.226, 64, 44.85, 44.85, 0.024, 0.033, 138.252, 111.682, 138.252, 111.682, 16.592, 8.5, 8.5, 1, 1.49, 
1.5, 18.23, 24.29, 69.46, 70.56, 4.043, 1.238, 0.018, 0.018, , 3.023, 538.076, 538.076, 538.076, 67.1, 0, 0, 80.035, 64.654, 80.035, 64.654, 45.051, 45.051, 0.024, 0.034, 139.026, 112.308, 139.026, 112.308, 16.573, 8.5, 8.5, 1, 1.54, 
1.55, 18.23, 24.29, 69.46, 70.56, 4.066, 1.238, 0.019, 0.019, , 3.036, 541.072, 541.072, 541.072, 67.1, 0, 0, 80.844, 65.308, 80.844, 65.308, 45.252, 45.252, 0.024, 0.034, 139.8, 112.932, 139.8, 112.932, 16.554, 8.5, 8.5, 1, 1.59, 
1.6, 18.23, 24.29, 69.46, 70.561, 4.088, 1.238, 0.02, 0.02, , 3.05, 544.068, 544.068, 544.068, 67.1, 0, 0, 81.654, 65.962, 81.654, 65.962, 45.455, 45.455, 0.024, 0.034, 140.573, 113.558, 140.573, 113.558, 16.535, 8.5, 8.5, 1, 1.64, 
1.65, 18.23, 24.29, 69.46, 70.563, 4.119, 1.238, 0.02, 0.02, , 3.064, 548.144, 548.144, 548.144, 67.1, 0, 0, 82.636, 66.756, 82.636, 66.756, 45.659, 45.659, 0.024, 0.034, 141.626, 114.408, 141.626, 114.408, 16.516, 8.5, 8.5, 1, 1.69, 
1.7, 18.23, 24.29, 69.46, 70.565, 4.169, 1.238, 0.021, 0.021, , 3.078, 554.739, 554.739, 554.739, 67.1, 0, 0, 84.021, 67.876, 84.021, 67.876, 45.863, 45.863, 0.024, 0.034, 143.329, 115.784, 143.329, 115.784, 16.497, 8.5, 8.5, 1, 1.74, 
1.75, 18.23, 24.29, 69.46, 70.567, 4.219, 1.238, 0.022, 0.022, , 3.092, 561.335, 561.335, 561.335, 67.1, 0, 0, 85.407, 68.995, 85.407, 68.995, 46.07, 46.07, 0.024, 0.034, 145.033, 117.161, 145.033, 117.161, 16.478, 8.5, 8.5, 1, 1.79, 
1.8, 18.23, 24.29, 69.46, 70.569, 4.269, 1.238, 0.022, 0.022, , 3.106, 567.931, 567.931, 567.931, 67.1, 0, 0, 86.793, 70.115, 86.793, 70.115, 46.282, 46.282, 0.024, 0.034, 146.736, 118.537, 146.736, 118.537, 16.458, 8.5, 8.5, 1, 1.84, 
1.85, 18.23, 24.29, 69.46, 70.571, 4.321, 1.238, 0.023, 0.023, , 3.12, 574.846, 574.846, 574.846, 67.1, 0, 0, 88.255, 71.297, 88.255, 71.297, 46.495, 46.495, 0.024, 0.034, 148.523, 119.98, 148.523, 119.98, 16.447, 8.5, 8.5, 1, 1.89, 
1.9, 18.23, 24.29, 69.46, 70.573, 4.376, 1.238, 0.023, 0.023, , 3.134, 582.032, 582.032, 582.032, 67.1, 0, 0, 89.784, 72.532, 89.784, 72.532, 46.707, 46.707, 0.024, 0.034, 150.38, 121.48, 150.38, 121.48, 16.47, 8.5, 8.5, 1, 1.94, 
1.95, 18.23, 24.29, 69.46, 70.575, 4.43, 1.238, 0.024, 0.024, , 3.149, 589.218, 589.218, 589.218, 67.1, 0, 0, 91.312, 73.767, 91.312, 73.767, 46.926, 46.926, 0.024, 0.034, 152.238, 122.98, 152.238, 122.98, 16.492, 8.5, 8.5, 1, 1.99, 
2, 18.23, 24.29, 69.46, 70.577, 4.484, 1.238, 0.025, 0.025, , 3.164, 596.404, 596.404, 596.404, 67.1, 0, 0, 92.841, 75.002, 92.841, 75.002, 47.149, 47.149, 0.024, 0.034, 154.095, 124.48, 154.095, 124.48, 16.515, 8.5, 8.5, 1, 2.04, 
2.05, 18.23, 24.29, 69.46, 70.579, 4.537, 1.238, 0.025, 0.025, , 3.179, 603.287, 603.287, 603.287, 67.1, 0, 0, 94.375, 76.24, 94.375, 76.24, 47.372, 47.372, 0.024, 0.034, 155.874, 125.917, 155.874, 125.917, 16.54, 8.5, 8.5, 1, 2.09, 
2.1, 18.23, 24.29, 69.46, 70.581, 4.588, 1.238, 0.026, 0.026, , 3.194, 610.122, 610.122, 610.122, 67.1, 0, 0, 95.909, 77.479, 95.909, 77.479, 47.595, 47.595, 0.024, 0.034, 157.641, 127.344, 157.641, 127.344, 16.584, 8.5, 8.5, 1, 2.14, 
2.15, 18.23, 24.29, 69.46, 70.583, 4.64, 1.238, 0.027, 0.027, , 3.209, 616.956, 616.956, 616.956, 67.1, 0, 0, 97.444, 78.718, 97.444, 78.718, 47.826, 47.826, 0.024, 0.034, 159.407, 128.771, 159.407, 128.771, 16.629, 8.5, 8.5, 1, 2.19, 
2.2, 18.23, 24.29, 69.46, 70.584, 4.693, 1.238, 0.027, 0.027, , 3.225, 623.996, 623.996, 623.996, 67.1, 0, 0, 99.024, 79.995, 99.024, 79.995, 48.058, 48.058, 0.024, 0.034, 161.227, 130.24, 161.227, 130.24, 16.673, 8.5, 8.5, 1, 2.24, 
2.25, 18.23, 24.29, 69.46, 70.586, 4.752, 1.238, 0.028, 0.028, , 3.241, 631.687, 631.687, 631.687, 67.1, 0, 0, 100.751, 81.388, 100.751, 81.388, 48.29, 48.29, 0.024, 0.034, 163.214, 131.845, 163.214, 131.845, 16.714, 8.5, 8.5, 1, 2.29, 
2.3, 18.23, 24.29, 69.46, 70.588, 4.81, 1.238, 0.029, 0.029, , 3.257, 639.379, 639.379, 639.379, 67.1, 0, 0, 102.477, 82.782, 102.477, 82.782, 48.526, 48.526, 0.024, 0.033, 165.202, 133.45, 165.202, 133.45, 16.706, 8.5, 8.5, 1, 2.34, 
2.35, 18.23, 24.29, 69.46, 70.59, 4.868, 1.238, 0.029, 0.029, , 3.273, 647.07, 647.07, 647.07, 67.1, 0, 0, 104.203, 84.176, 104.203, 84.176, 48.768, 48.768, 0.024, 0.033, 167.189, 135.054, 167.189, 135.054, 16.698, 8.5, 8.5, 1, 2.39, 
2.4, 18.23, 24.29, 69.46, 70.592, 4.931, 1.238, 0.03, 0.03, , 3.289, 655.455, 655.455, 655.455, 67.1, 0, 0, 106.089, 85.699, 106.089, 85.699, 49.009, 49.009, 0.024, 0.033, 169.356, 136.804, 169.356, 136.804, 16.69, 8.5, 8.5, 1, 2.44, 
2.45, 18.23, 24.29, 69.46, 70.594, 4.998, 1.238, 0.031, 0.031, , 3.305, 664.198, 664.198, 664.198, 67.1, 0, 0, 108.058, 87.289, 108.058, 87.289, 49.251, 49.251, 0.024, 0.033, 171.614, 138.628, 171.614, 138.628, 16.683, 8.5, 8.5, 1, 2.49, 
2.5, 18.23, 24.29, 69.46, 70.596, 5.064, 1.238, 0.031, 0.031, , 3.322, 672.941, 672.941, 672.941, 67.1, 0, 0, 110.026, 88.879, 110.026, 88.879, 49.504, 49.504, 0.024, 0.033, 173.873, 140.453, 173.873, 140.453, 16.664, 8.5, 8.5, 1, 2.54, 
2.55, 18.23, 24.29, 69.46, 70.598, 5.131, 1.238, 0.032, 0.032, , 3.339, 681.806, 681.806, 681.806, 67.1, 0, 0, 112.027, 90.495, 112.027, 90.495, 49.758, 49.758, 0.024, 0.033, 176.163, 142.302, 176.163, 142.302, 16.646, 8.5, 8.5, 1, 2.59, 
2.6, 18.23, 24.29, 69.46, 70.6, 5.203, 1.238, 0.033, 0.033, , 3.356, 691.31, 691.31, 691.31, 67.1, 0, 0, 114.196, 92.247, 114.196, 92.247, 50.013, 50.013, 0.024, 0.033, 178.618, 144.286, 178.618, 144.286, 16.628, 8.5, 8.5, 1, 2.64, 
2.65, 18.23, 24.29, 69.46, 70.602, 5.275, 1.238, 0.033, 0.033, , 3.374, 700.814, 700.814, 700.814, 67.1, 0, 0, 116.364, 93.998, 116.364, 93.998, 50.271, 50.271, 0.024, 0.033, 181.073, 146.27, 181.073, 146.27, 16.609, 8.5, 8.5, 1, 2.69, 
2.7, 18.23, 24.29, 69.46, 70.604, 5.347, 1.238, 0.034, 0.034, , 3.391, 710.319, 710.319, 710.319, 67.1, 0, 0, 118.533, 95.75, 118.533, 95.75, 50.536, 50.536, 0.024, 0.033, 183.528, 148.254, 183.528, 148.254, 16.587, 8.5, 8.5, 1, 2.74, 
2.75, 18.23, 24.29, 69.46, 70.606, 5.408, 1.238, 0.035, 0.035, , 3.409, 718.438, 718.438, 718.438, 67.1, 0, 0, 120.526, 97.361, 120.526, 97.361, 50.801, 50.801, 0.024, 0.033, 185.625, 149.949, 185.625, 149.949, 16.564, 8.5, 8.5, 1, 2.79, 
2.8, 18.23, 24.29, 69.46, 70.608, 5.466, 1.238, 0.036, 0.036, , 3.427, 726.018, 726.018, 726.018, 67.1, 0, 0, 122.452, 98.917, 122.452, 98.917, 51.066, 51.066, 0.024, 0.033, 187.583, 151.531, 187.583, 151.531, 16.541, 8.5, 8.5, 1, 2.84, 
2.85, 18.23, 24.29, 69.46, 70.609, 5.523, 1.238, 0.036, 0.036, , 3.445, 733.599, 733.599, 733.599, 67.1, 0, 0, 124.378, 100.474, 124.378, 100.474, 51.342, 51.342, 0.024, 0.033, 189.542, 153.113, 189.542, 153.113, 16.518, 8.5, 8.5, 1, 2.89, 
2.9, 18.23, 24.29, 69.46, 70.609, 5.584, 1.238, 0.037, 0.037, , 3.464, 741.601, 741.601, 741.601, 67.1, 0, 0, 126.403, 102.111, 126.403, 102.111, 51.619, 51.619, 0.024, 0.033, 191.609, 154.783, 191.609, 154.783, 16.567, 8.5, 8.5, 1, 2.94, 
2.95, 18.23, 24.29, 69.46, 70.609, 5.65, 1.238, 0.038, 0.038, , 3.483, 750.352, 750.352, 750.352, 67.1, 0, 0, 128.607, 103.891, 128.607, 103.891, 51.896, 51.896, 0.024, 0.033, 193.869, 156.609, 193.869, 156.609, 16.625, 8.5, 8.5, 1, 2.99, 
3, 18.23, 24.29, 69.46, 70.608, 5.716, 1.238, 0.038, 0.038, , 3.502, 759.104, 759.104, 759.104, 67.1, 0, 0, 130.81, 105.671, 130.81, 105.671, 52.18, 52.18, 0.024, 0.034, 196.13, 158.436, 196.13, 158.436, 16.684, 8.5, 8.5, 1, 3.04, 
3.05, 18.23, 24.29, 69.46, 70.607, 5.783, 1.238, 0.039, 0.039, , 3.521, 767.897, 767.897, 767.897, 67.1, 0, 0, 133.024, 107.46, 133.024, 107.46, 52.466, 52.466, 0.024, 0.034, 198.401, 160.272, 198.401, 160.272, 16.742, 8.5, 8.5, 1, 3.09, 
3.1, 18.23, 24.29, 69.46, 70.606, 5.857, 1.238, 0.04, 0.04, , 3.54, 777.693, 777.693, 777.693, 67.1, 0, 0, 135.488, 109.45, 135.488, 109.45, 52.752, 52.752, 0.024, 0.034, 200.932, 162.316, 200.932, 162.316, 16.79, 8.5, 8.5, 1, 3.14, 
3.15, 18.23, 24.29, 69.46, 70.606, 5.931, 1.238, 0.041, 0.041, , 3.56, 787.489, 787.489, 787.489, 67.1, 0, 0, 137.953, 111.441, 137.953, 111.441, 53.044, 53.044, 0.024, 0.033, 203.463, 164.361, 203.463, 164.361, 16.837, 8.5, 8.5, 1, 3.19, 
3.2, 18.23, 24.29, 69.46, 70.605, 6.005, 1.238, 0.042, 0.042, , 3.58, 797.285, 797.285, 797.285, 67.1, 0, 0, 140.418, 113.432, 140.418, 113.432, 53.344, 53.344, 0.024, 0.033, 205.993, 166.405, 205.993, 166.405, 16.883, 8.5, 8.5, 1, 3.24, 
3.25, 18.23, 24.29, 69.46, 70.604, 6.076, 1.238, 0.043, 0.043, , 3.6, 806.72, 806.72, 806.72, 67.1, 0, 0, 142.895, 115.434, 142.895, 115.434, 53.643, 53.643, 0.024, 0.033, 208.432, 168.375, 208.432, 168.375, 16.929, 8.5, 8.5, 1, 3.29, 
3.3, 18.23, 24.29, 69.46, 70.603, 6.147, 1.238, 0.043, 0.043, , 3.62, 816.052, 816.052, 816.052, 67.1, 0, 0, 145.377, 117.438, 145.377, 117.438, 53.944, 53.944, 0.024, 0.033, 210.844, 170.323, 210.844, 170.323, 16.939, 8.5, 8.5, 1, 3.34, 
3.35, 18.23, 24.29, 69.46, 70.603, 6.218, 1.238, 0.044, 0.044, , 3.641, 825.385, 825.385, 825.385, 67.1, 0, 0, 147.858, 119.443, 147.858, 119.443, 54.252, 54.252, 0.024, 0.033, 213.257, 172.272, 213.257, 172.272, 16.938, 8.5, 8.5, 1, 3.39, 
3.4, 18.23, 24.29, 69.46, 70.602, 6.296, 1.238, 0.045, 0.045, , 3.661, 835.742, 835.742, 835.742, 67.1, 0, 0, 150.576, 121.639, 150.576, 121.639, 54.561, 54.561, 0.024, 0.033, 215.933, 174.434, 215.933, 174.434, 16.937, 8.5, 8.5, 1, 3.44, 
3.45, 18.23, 24.29, 69.46, 70.601, 6.38, 1.238, 0.046, 0.046, , 3.682, 846.84, 846.84, 846.84, 67.1, 0, 0, 153.465, 123.972, 153.465, 123.972, 54.869, 54.869, 0.024, 0.033, 218.8, 176.75, 218.8, 176.75, 16.935, 8.5, 8.5, 1, 3.49, 
3.5, 18.23, 24.29, 69.46, 70.6, 6.464, 1.238, 0.046, 0.046, , 3.704, 857.938, 857.938, 857.938, 67.1, 0, 0, 156.354, 126.306, 156.354, 126.306, 55.191, 55.191, 0.024, 0.033, 221.667, 179.066, 221.667, 179.066, 16.927, 8.5, 8.5, 1, 3.54, 
3.55, 18.23, 24.29, 69.46, 70.599, 6.545, 1.238, 0.047, 0.047, , 3.725, 868.678, 868.678, 868.678, 67.1, 0, 0, 159.225, 128.625, 159.225, 128.625, 55.513, 55.513, 0.024, 0.033, 224.442, 181.308, 224.442, 181.308, 16.916, 8.5, 8.5, 1, 3.59, 
3.6, 18.23, 24.29, 69.46, 70.599, 6.623, 1.238, 0.048, 0.048, , 3.747, 878.923, 878.923, 878.923, 67.1, 0, 0, 162.069, 130.922, 162.069, 130.922, 55.835, 55.835, 0.024, 0.033, 227.09, 183.446, 227.09, 183.446, 16.905, 8.5, 8.5, 1, 3.64, 
3.65, 18.23, 24.29, 69.46, 70.598, 6.7, 1.238, 0.049, 0.049, , 3.769, 889.168, 889.168, 889.168, 67.1, 0, 0, 164.913, 133.219, 164.913, 133.219, 56.168, 56.168, 0.024, 0.033, 229.738, 185.584, 229.738, 185.584, 16.893, 8.5, 8.5, 1, 3.69, 
3.7, 18.23, 24.29, 69.46, 70.597, 6.771, 1.238, 0.049, 0.049, , 3.792, 898.543, 898.543, 898.543, 67.1, 0, 0, 167.626, 135.41, 167.626, 135.41, 56.503, 56.503, 0.024, 0.033, 232.161, 187.541, 232.161, 187.541, 16.849, 8.5, 8.5, 1, 3.74, 
3.75, 18.23, 24.29, 69.46, 70.596, 6.829, 1.238, 0.05, 0.05, , 3.814, 906.229, 906.229, 906.229, 67.1, 0, 0, 170.085, 137.395, 170.085, 137.395, 56.838, 56.838, 0.024, 0.033, 234.147, 189.146, 234.147, 189.146, 16.786, 8.5, 8.5, 1, 3.79, 
3.8, 18.23, 24.29, 69.46, 70.596, 6.887, 1.238, 0.051, 0.051, , 3.837, 913.915, 913.915, 913.915, 67.1, 0, 0, 172.544, 139.38, 172.544, 139.38, 57.18, 57.18, 0.024, 0.033, 236.134, 190.751, 236.134, 190.751, 16.722, 8.5, 8.5, 1, 3.84, 
3.85, 18.23, 24.29, 69.46, 70.595, 6.941, 1.238, 0.052, 0.052, , 3.86, 920.99, 920.99, 920.99, 67.1, 0, 0, 174.907, 141.289, 174.907, 141.289, 57.523, 57.523, 0.024, 0.033, 237.962, 192.229, 237.962, 192.229, 16.659, 8.5, 8.5, 1, 3.89, 
3.9, 18.23, 24.29, 69.46, 70.594, 6.984, 1.238, 0.052, 0.052, , 3.883, 926.639, 926.639, 926.639, 67.1, 0, 0, 177.048, 143.019, 177.048, 143.019, 57.866, 57.866, 0.024, 0.033, 239.42, 193.408, 239.42, 193.408, 16.67, 8.5, 8.5, 1, 3.94, 
3.95, 18.23, 24.29, 69.46, 70.593, 7.026, 1.238, 0.053, 0.053, , 3.906, 932.288, 932.288, 932.288, 67.1, 0, 0, 179.189, 144.749, 179.189, 144.749, 58.215, 58.215, 0.024, 0.033, 240.879, 194.588, 240.879, 194.588, 16.736, 8.5, 8.5, 1, 3.99, 
4, 18.23, 24.29, 69.46, 70.593, 7.066, 1.238, 0.054, 0.054, , 3.93, 937.591, 937.591, 937.591, 67.1, 0, 0, 181.281, 146.439, 181.281, 146.439, 58.566, 58.566, 0.024, 0.033, 242.248, 195.695, 242.248, 195.695, 16.801, 8.5, 8.5, 1, 4.04, 
4.05, 18.23, 24.29, 69.46, 70.592, 7.1, 1.238, 0.055, 0.055, , 3.953, 942.158, 942.158, 942.158, 67.1, 0, 0, 183.267, 148.045, 183.267, 148.045, 58.916, 58.916, 0.024, 0.033, 243.427, 196.647, 243.427, 196.647, 16.866, 8.5, 8.5, 1, 4.09, 
4.1, 18.23, 24.29, 69.46, 70.591, 7.135, 1.238, 0.056, 0.056, , 3.977, 946.725, 946.725, 946.725, 67.1, 0, 0, 185.253, 149.651, 185.253, 149.651, 59.27, 59.27, 0.024, 0.033, 244.607, 197.599, 244.607, 197.599, 16.929, 8.5, 8.5, 1, 4.14, 
4.15, 18.23, 24.29, 69.46, 70.59, 7.166, 1.238, 0.057, 0.057, , 4.001, 950.917, 950.917, 950.917, 67.1, 0, 0, 187.18, 151.209, 187.18, 151.209, 59.626, 59.626, 0.024, 0.033, 245.691, 198.473, 245.691, 198.473, 16.99, 8.5, 8.5, 1, 4.19, 
4.2, 18.23, 24.29, 69.46, 70.59, 7.194, 1.238, 0.057, 0.057, , 4.025, 954.547, 954.547, 954.547, 67.1, 0, 0, 189.017, 152.693, 189.017, 152.693, 59.981, 59.981, 0.024, 0.033, 246.63, 199.23, 246.63, 199.23, 17.05, 8.5, 8.5, 1, 4.24, 
4.25, 18.23, 24.29, 69.46, 70.59, 7.221, 1.238, 0.058, 0.058, , 4.048, 958.178, 958.178, 958.178, 67.1, 0, 0, 190.853, 154.177, 190.853, 154.177, 60.337, 60.337, 0.024, 0.033, 247.569, 199.987, 247.569, 199.987, 17.111, 8.5, 8.5, 1, 4.29, 
4.3, 18.23, 24.29, 69.46, 70.59, 7.251, 1.238, 0.059, 0.059, , 4.072, 962.16, 962.16, 962.16, 67.1, 0, 0, 192.786, 155.739, 192.786, 155.739, 60.694, 60.694, 0.024, 0.033, 248.599, 200.817, 248.599, 200.817, 17.134, 8.5, 8.5, 1, 4.34, 
4.35, 18.23, 24.29, 69.46, 70.59, 7.283, 1.238, 0.06, 0.06, , 4.096, 966.469, 966.469, 966.469, 67.1, 0, 0, 194.807, 157.372, 194.807, 157.372, 61.051, 61.051, 0.024, 0.033, 249.712, 201.716, 249.712, 201.716, 17.11, 8.5, 8.5, 1, 4.39, 
4.4, 18.23, 24.29, 69.46, 70.59, 7.316, 1.238, 0.061, 0.061, , 4.121, 970.777, 970.777, 970.777, 67.1, 0, 0, 196.829, 159.005, 196.829, 159.005, 61.414, 61.414, 0.024, 0.033, 250.826, 202.615, 250.826, 202.615, 17.085, 8.5, 8.5, 1, 4.44, 
4.45, 18.23, 24.29, 69.46, 70.59, 7.349, 1.238, 0.062, 0.062, , 4.145, 975.245, 975.245, 975.245, 67.1, 0, 0, 198.909, 160.686, 198.909, 160.686, 61.776, 61.776, 0.024, 0.033, 251.98, 203.548, 251.98, 203.548, 17.061, 8.5, 8.5, 1, 4.49, 
4.5, 18.23, 24.29, 69.46, 70.59, 7.383, 1.238, 0.062, 0.062, , 4.17, 979.781, 979.781, 979.781, 67.1, 0, 0, 201.015, 162.387, 201.015, 162.387, 62.14, 62.14, 0.024, 0.033, 253.15, 204.496, 253.15, 204.496, 17.029, 8.5, 8.5, 1, 4.54, 
4.55, 18.23, 24.29, 69.46, 70.59, 7.417, 1.238, 0.063, 0.063, , 4.195, 984.317, 984.317, 984.317, 67.1, 0, 0, 203.122, 164.089, 203.122, 164.089, 62.508, 62.508, 0.024, 0.033, 254.321, 205.444, 254.321, 205.444, 16.987, 8.5, 8.5, 1, 4.59, 
4.6, 18.23, 24.29, 69.46, 70.59, 7.435, 1.238, 0.064, 0.064, , 4.22, 986.75, 986.75, 986.75, 67.1, 0, 0, 204.832, 165.47, 204.832, 165.47, 62.876, 62.876, 0.024, 0.033, 254.949, 205.953, 254.949, 205.953, 16.944, 8.5, 8.5, 1, 4.64, 
4.65, 18.23, 24.29, 69.46, 70.59, 7.452, 1.238, 0.065, 0.065, , 4.244, 989, 989, 989, 67.1, 0, 0, 206.509, 166.823, 206.509, 166.823, 63.246, 63.246, 0.024, 0.033, 255.53, 206.424, 255.53, 206.424, 16.901, 8.5, 8.5, 1, 4.69, 
4.7, 18.23, 24.29, 69.46, 70.59, 7.467, 1.238, 0.066, 0.066, , 4.27, 991.034, 991.034, 991.034, 67.1, 0, 0, 208.141, 168.141, 208.141, 168.141, 63.618, 63.618, 0.024, 0.033, 256.056, 206.849, 256.056, 206.849, 16.852, 8.5, 8.5, 1, 4.74, 
4.75, 18.23, 24.29, 69.46, 70.59, 7.476, 1.238, 0.067, 0.067, , 4.294, 992.207, 992.207, 992.207, 67.1, 0, 0, 209.599, 169.318, 209.599, 169.318, 63.99, 63.99, 0.024, 0.033, 256.359, 207.093, 256.359, 207.093, 16.788, 8.5, 8.5, 1, 4.79, 
4.8, 18.23, 24.29, 69.46, 70.59, 7.484, 1.238, 0.068, 0.068, , 4.319, 993.379, 993.379, 993.379, 67.1, 0, 0, 211.056, 170.496, 211.056, 170.496, 64.362, 64.362, 0.024, 0.033, 256.663, 207.338, 256.663, 207.338, 16.725, 8.5, 8.5, 1, 4.84, 
4.85, 18.23, 24.29, 69.46, 70.59, 7.491, 1.238, 0.068, 0.068, , 4.344, 994.272, 994.272, 994.272, 67.1, 0, 0, 212.463, 171.633, 212.463, 171.633, 64.733, 64.733, 0.024, 0.033, 256.895, 207.524, 256.895, 207.524, 16.661, 8.5, 8.5, 1, 4.89, 
4.9, 18.23, 24.29, 69.46, 70.59, 7.495, 1.238, 0.069, 0.069, , 4.369, 994.885, 994.885, 994.885, 67.1, 0, 0, 213.819, 172.73, 213.819, 172.73, 65.105, 65.105, 0.024, 0.033, 257.054, 207.653, 257.054, 207.653, 16.627, 8.5, 8.5, 1, 4.94, 
4.95, 18.23, 24.29, 69.46, 70.59, 7.499, 1.238, 0.07, 0.07, , 4.394, 995.499, 995.499, 995.499, 67.1, 0, 0, 215.175, 173.826, 215.175, 173.826, 65.479, 65.479, 0.024, 0.033, 257.213, 207.782, 257.213, 207.782, 16.677, 8.5, 8.5, 1, 4.99, 
5, 18.23, 24.29, 69.46, 70.59, 7.502, 1.238, 0.071, 0.071, , 4.419, 995.917, 995.917, 995.917, 67.1, 0, 0, 216.488, 174.886, 216.488, 174.886, 65.853, 65.853, 0.024, 0.033, 257.32, 207.869, 257.32, 207.869, 16.728, 8.5, 8.5, 1, 5.04, 
5.05, 18.23, 24.29, 69.46, 70.59, 7.505, 1.238, 0.072, 0.072, , 4.444, 996.302, 996.302, 996.302, 67.1, 0, 0, 217.793, 175.939, 217.793, 175.939, 66.225, 66.225, 0.024, 0.034, 257.42, 207.949, 257.42, 207.949, 16.778, 8.5, 8.5, 1, 5.09, 
5.1, 18.23, 24.29, 69.46, 70.59, 7.508, 1.238, 0.073, 0.073, , 4.469, 996.761, 996.761, 996.761, 67.1, 0, 0, 219.118, 177.009, 219.118, 177.009, 66.597, 66.597, 0.024, 0.034, 257.538, 208.045, 257.538, 208.045, 16.842, 8.5, 8.5, 1, 5.14, 
5.15, 18.23, 24.29, 69.46, 70.59, 7.513, 1.238, 0.074, 0.074, , 4.494, 997.455, 997.455, 997.455, 67.1, 0, 0, 220.505, 178.128, 220.505, 178.128, 66.968, 66.968, 0.024, 0.034, 257.718, 208.189, 257.718, 208.189, 16.961, 8.5, 8.5, 1, 5.19, 
5.2, 18.23, 24.29, 69.46, 70.59, 7.518, 1.238, 0.075, 0.075, , 4.519, 998.148, 998.148, 998.148, 67.1, 0, 0, 221.891, 179.247, 221.891, 179.247, 67.342, 67.342, 0.024, 0.033, 257.898, 208.334, 257.898, 208.334, 17.081, 8.5, 8.5, 1, 5.24, 
5.25, 18.23, 24.29, 69.46, 70.59, 7.519, 1.238, 0.076, 0.076, , 4.544, 998.381, 998.381, 998.381, 67.1, 0, 0, 223.173, 180.282, 223.173, 180.282, 67.716, 67.716, 0.024, 0.033, 257.958, 208.383, 257.958, 208.383, 17.2, 8.5, 8.5, 1, 5.29, 
5.3, 18.23, 24.29, 69.46, 70.59, 7.519, 1.238, 0.077, 0.077, , 4.569, 998.396, 998.396, 998.396, 67.1, 0, 0, 224.405, 181.278, 224.405, 181.278, 68.089, 68.089, 0.024, 0.033, 257.962, 208.387, 257.962, 208.387, 17.301, 8.5, 8.5, 1, 5.34, 
5.35, 18.23, 24.29, 69.46, 70.59, 7.518, 1.238, 0.078, 0.078, , 4.594, 998.296, 998.296, 998.296, 67.1, 0, 0, 225.611, 182.253, 225.611, 182.253, 68.462, 68.462, 0.024, 0.033, 257.935, 208.366, 257.935, 208.366, 17.291, 8.5, 8.5, 1, 5.39, 
5.4, 18.23, 24.29, 69.46, 70.59, 7.511, 1.238, 0.079, 0.079, , 4.619, 997.482, 997.482, 997.482, 67.1, 0, 0, 226.651, 183.093, 226.651, 183.093, 68.835, 68.835, 0.024, 0.033, 257.723, 208.196, 257.723, 208.196, 17.281, 8.5, 8.5, 1, 5.44, 
5.45, 18.23, 24.29, 69.46, 70.59, 7.505, 1.238, 0.079, 0.079, , 4.644, 996.668, 996.668, 996.668, 67.1, 0, 0, 227.691, 183.933, 227.691, 183.933, 69.208, 69.208, 0.024, 0.033, 257.511, 208.026, 257.511, 208.026, 17.271, 8.5, 8.5, 1, 5.49, 
5.5, 18.23, 24.29, 69.46, 70.591, 7.499, 1.238, 0.08, 0.08, , 4.669, 996.025, 996.025, 996.025, 67.1, 0, 0, 228.767, 184.802, 228.767, 184.802, 69.581, 69.581, 0.024, 0.033, 257.344, 207.891, 257.344, 207.891, 17.255, 8.5, 8.5, 1, 5.54, 
5.55, 18.23, 24.29, 69.46, 70.593, 7.495, 1.238, 0.081, 0.081, , 4.699, 995.478, 995.478, 995.478, 67.1, 0, 0, 229.865, 185.688, 229.865, 185.688, 70.026, 70.026, 0.024, 0.033, 257.202, 207.775, 257.202, 207.775, 17.165, 8.5, 8.5, 1, 5.59, 
5.6, 18.23, 24.29, 69.46, 70.594, 7.491, 1.238, 0.082, 0.082, , 4.736, 995.08, 995.08, 995.08, 67.1, 0, 0, 231.105, 186.69, 231.105, 186.69, 70.578, 70.578, 0.024, 0.033, 257.098, 207.69, 257.098, 207.69, 17.075, 8.5, 8.5, 1, 5.64, 
5.65, 18.23, 24.29, 69.46, 70.596, 7.493, 1.238, 0.084, 0.084, , 4.773, 995.357, 995.357, 995.357, 67.1, 0, 0, 232.994, 188.216, 232.994, 188.216, 71.13, 71.13, 0.024, 0.033, 257.17, 207.748, 257.17, 207.748, 16.985, 8.5, 8.5, 1, 5.69, 
5.7, 18.23, 24.29, 69.46, 70.597, 7.494, 1.238, 0.085, 0.085, , 4.799, 995.635, 995.635, 995.635, 67.1, 0, 0, 234.882, 189.743, 234.882, 189.743, 71.512, 71.512, 0.024, 0.033, 257.241, 207.805, 257.241, 207.805, 16.898, 8.5, 8.5, 1, 5.74, 
5.75, 18.23, 24.29, 69.46, 70.599, 7.492, 1.238, 0.086, 0.086, , 4.824, 995.365, 995.365, 995.365, 67.1, 0, 0, 236.192, 190.802, 236.192, 190.802, 71.882, 71.882, 0.024, 0.033, 257.173, 207.749, 257.173, 207.749, 16.95, 8.5, 8.5, 1, 5.79, 
5.8, 18.23, 24.29, 69.46, 70.6, 7.488, 1.238, 0.087, 0.087, , 4.849, 994.904, 994.904, 994.904, 67.1, 0, 0, 237.299, 191.696, 237.299, 191.696, 72.253, 72.253, 0.024, 0.033, 257.055, 207.653, 257.055, 207.653, 17.003, 8.5, 8.5, 1, 5.84, 
5.85, 18.23, 24.29, 69.46, 70.602, 7.48, 1.238, 0.088, 0.088, , 4.873, 993.913, 993.913, 993.913, 67.1, 0, 0, 238.275, 192.484, 238.275, 192.484, 72.624, 72.624, 0.024, 0.033, 256.8, 207.447, 256.8, 207.447, 17.055, 8.5, 8.5, 1, 5.89, 
5.9, 18.23, 24.29, 69.46, 70.603, 7.464, 1.238, 0.089, 0.089, , 4.898, 991.894, 991.894, 991.894, 67.1, 0, 0, 238.995, 193.066, 238.995, 193.066, 72.995, 72.995, 0.024, 0.033, 256.279, 207.025, 256.279, 207.025, 17.108, 8.5, 8.5, 1, 5.94, 
5.95, 18.23, 24.29, 69.46, 70.605, 7.449, 1.238, 0.09, 0.09, , 4.923, 989.874, 989.874, 989.874, 67.1, 0, 0, 239.715, 193.647, 239.715, 193.647, 73.364, 73.364, 0.024, 0.033, 255.758, 206.604, 255.758, 206.604, 17.209, 8.5, 8.5, 1, 5.99, 
6, 18.23, 24.29, 69.46, 70.607, 7.435, 1.238, 0.091, 0.091, , 4.947, 988.136, 988.136, 988.136, 67.1, 0, 0, 240.493, 194.274, 240.493, 194.274, 73.732, 73.732, 0.024, 0.033, 255.309, 206.241, 255.309, 206.241, 17.314, 8.5, 8.5, 1, 6.04, 
6.05, 18.23, 24.29, 69.46, 70.608, 7.421, 1.238, 0.092, 0.092, , 4.972, 986.409, 986.409, 986.409, 67.1, 0, 0, 241.273, 194.904, 241.273, 194.904, 74.1, 74.1, 0.024, 0.033, 254.863, 205.88, 254.863, 205.88, 17.418, 8.5, 8.5, 1, 6.09, 
6.1, 18.23, 24.29, 69.46, 70.61, 7.411, 1.238, 0.093, 0.093, , 4.997, 985.045, 985.045, 985.045, 67.1, 0, 0, 242.136, 195.599, 242.136, 195.599, 74.468, 74.468, 0.024, 0.033, 254.51, 205.595, 254.51, 205.595, 17.523, 8.5, 8.5, 1, 6.14, 
6.15, 18.23, 24.29, 69.46, 70.611, 7.402, 1.238, 0.094, 0.094, , 5.021, 983.903, 983.903, 983.903, 67.1, 0, 0, 243.048, 196.335, 243.048, 196.335, 74.835, 74.835, 0.024, 0.033, 254.214, 205.357, 254.214, 205.357, 17.554, 8.5, 8.5, 1, 6.19, 
6.2, 18.23, 24.29, 69.46, 70.613, 7.394, 1.238, 0.095, 0.095, , 5.046, 982.925, 982.925, 982.925, 67.1, 0, 0, 243.999, 197.102, 243.999, 197.102, 75.2, 75.2, 0.024, 0.033, 253.961, 205.153, 253.961, 205.153, 17.574, 8.5, 8.5, 1, 6.24, 
6.25, 18.23, 24.29, 69.46, 70.614, 7.389, 1.238, 0.096, 0.096, , 5.071, 982.332, 982.332, 982.332, 67.1, 0, 0, 245.04, 197.943, 245.04, 197.943, 75.565, 75.565, 0.024, 0.033, 253.807, 205.028, 253.807, 205.028, 17.595, 8.5, 8.5, 1, 6.29, 
6.3, 18.23, 24.29, 69.46, 70.616, 7.384, 1.238, 0.097, 0.097, , 5.095, 981.729, 981.729, 981.729, 67.1, 0, 0, 246.078, 198.781, 246.078, 198.781, 75.929, 75.929, 0.024, 0.033, 253.651, 204.902, 253.651, 204.902, 17.616, 8.5, 8.5, 1, 6.34, 
6.35, 18.23, 24.29, 69.461, 70.617, 7.376, 1.238, 0.098, 0.098, , 5.12, 980.678, 980.678, 980.678, 67.1, 0, 0, 246.983, 199.514, 246.983, 199.514, 76.293, 76.293, 0.024, 0.033, 253.381, 204.683, 253.381, 204.683, 17.587, 8.5, 8.5, 1, 6.39, 
6.4, 18.23, 24.29, 69.465, 70.619, 7.367, 1.238, 0.099, 0.099, , 5.144, 979.627, 979.627, 979.627, 67.1, 0, 0, 247.888, 200.246, 247.888, 200.246, 76.656, 76.656, 0.024, 0.033, 253.11, 204.464, 253.11, 204.464, 17.548, 8.5, 8.5, 1, 6.44, 
6.45, 18.23, 24.29, 69.469, 70.62, 7.354, 1.238, 0.1, 0.1, , 5.168, 977.904, 977.904, 977.904, 67.1, 0, 0, 248.621, 200.84, 248.621, 200.84, 77.019, 77.019, 0.024, 0.033, 252.666, 204.104, 252.666, 204.104, 17.508, 8.5, 8.5, 1, 6.49, 
6.5, 18.23, 24.29, 69.473, 70.622, 7.338, 1.238, 0.101, 0.101, , 5.193, 975.946, 975.946, 975.946, 67.1, 0, 0, 249.294, 201.384, 249.294, 201.384, 77.383, 77.383, 0.024, 0.033, 252.16, 203.695, 252.16, 203.695, 17.468, 8.5, 8.5, 1, 6.54, 
6.55, 18.23, 24.29, 69.478, 70.623, 7.323, 1.238, 0.102, 0.102, , 5.217, 973.96, 973.96, 973.96, 67.1, 0, 0, 249.955, 201.92, 249.955, 201.92, 77.748, 77.748, 0.024, 0.033, 251.646, 203.28, 251.646, 203.28, 17.423, 8.5, 8.5, 1, 6.59, 
6.6, 18.23, 24.29, 69.482, 70.625, 7.307, 1.238, 0.103, 0.103, , 5.242, 971.946, 971.946, 971.946, 67.1, 0, 0, 250.605, 202.445, 250.605, 202.445, 78.112, 78.112, 0.024, 0.033, 251.125, 202.86, 251.125, 202.86, 17.376, 8.5, 8.5, 1, 6.64, 
6.65, 18.23, 24.29, 69.486, 70.627, 7.292, 1.238, 0.104, 0.104, , 5.266, 969.959, 969.959, 969.959, 67.1, 0, 0, 251.255, 202.971, 251.255, 202.971, 78.474, 78.474, 0.024, 0.033, 250.61, 202.446, 250.61, 202.446, 17.328, 8.5, 8.5, 1, 6.69, 
6.7, 18.23, 24.29, 69.49, 70.628, 7.277, 1.238, 0.105, 0.105, , 5.29, 968.033, 968.033, 968.033, 67.1, 0, 0, 251.905, 203.495, 251.905, 203.495, 78.835, 78.835, 0.024, 0.033, 250.112, 202.045, 250.112, 202.045, 17.281, 8.5, 8.5, 1, 6.74, 
6.75, 18.23, 24.29, 69.495, 70.63, 7.262, 1.238, 0.107, 0.107, , 5.314, 966.116, 966.116, 966.116, 67.1, 0, 0, 252.557, 204.02, 252.557, 204.02, 79.195, 79.195, 0.024, 0.033, 249.616, 201.645, 249.616, 201.645, 17.243, 8.5, 8.5, 1, 6.79, 
6.8, 18.23, 24.29, 69.499, 70.629, 7.247, 1.238, 0.108, 0.108, , 5.338, 964.28, 964.28, 964.28, 67.1, 0, 0, 253.222, 204.557, 253.222, 204.557, 79.554, 79.554, 0.024, 0.033, 249.142, 201.262, 249.142, 201.262, 17.209, 8.5, 8.5, 1, 6.84, 
6.85, 18.23, 24.29, 69.503, 70.629, 7.233, 1.238, 0.109, 0.109, , 5.362, 962.444, 962.444, 962.444, 67.1, 0, 0, 253.887, 205.094, 253.887, 205.094, 79.912, 79.912, 0.024, 0.033, 248.668, 200.88, 248.668, 200.88, 17.176, 8.5, 8.5, 1, 6.89, 
6.9, 18.23, 24.29, 69.507, 70.628, 7.222, 1.238, 0.11, 0.11, , 5.386, 961.009, 961.009, 961.009, 67.1, 0, 0, 254.637, 205.701, 254.637, 205.701, 80.27, 80.27, 0.024, 0.033, 248.298, 200.58, 248.298, 200.58, 17.142, 8.5, 8.5, 1, 6.94, 
6.95, 18.23, 24.29, 69.512, 70.627, 7.211, 1.238, 0.111, 0.111, , 5.41, 959.6, 959.6, 959.6, 67.1, 0, 0, 255.394, 206.312, 255.394, 206.312, 80.627, 80.627, 0.024, 0.033, 247.933, 200.285, 247.933, 200.285, 17.14, 8.5, 8.5, 1, 6.99, 
7, 18.23, 24.29, 69.516, 70.626, 7.198, 1.238, 0.112, 0.112, , 5.434, 957.991, 957.991, 957.991, 67.1, 0, 0, 256.093, 206.877, 256.093, 206.877, 80.983, 80.983, 0.024, 0.033, 247.517, 199.949, 247.517, 199.949, 17.156, 8.5, 8.5, 1, 7.04, 
7.05, 18.23, 24.29, 69.52, 70.626, 7.185, 1.238, 0.113, 0.113, , 5.458, 956.326, 956.326, 956.326, 67.1, 0, 0, 256.777, 207.429, 256.777, 207.429, 81.339, 81.339, 0.024, 0.033, 247.086, 199.601, 247.086, 199.601, 17.172, 8.5, 8.5, 1, 7.09, 
7.1, 18.23, 24.29, 69.524, 70.625, 7.174, 1.238, 0.114, 0.114, , 5.482, 954.934, 954.934, 954.934, 67.1, 0, 0, 257.523, 208.031, 257.523, 208.031, 81.695, 81.695, 0.024, 0.033, 246.726, 199.311, 246.726, 199.311, 17.188, 8.5, 8.5, 1, 7.14, 
7.15, 18.23, 24.29, 69.529, 70.624, 7.164, 1.238, 0.115, 0.115, , 5.506, 953.682, 953.682, 953.682, 67.1, 0, 0, 258.299, 208.658, 258.299, 208.658, 82.049, 82.049, 0.024, 0.033, 246.402, 199.05, 246.402, 199.05, 17.238, 8.5, 8.5, 1, 7.19, 
7.2, 18.23, 24.29, 69.533, 70.623, 7.147, 1.238, 0.117, 0.117, , 5.53, 951.514, 951.514, 951.514, 67.1, 0, 0, 258.822, 209.08, 258.822, 209.08, 82.403, 82.403, 0.024, 0.033, 245.842, 198.598, 245.842, 198.598, 17.312, 8.5, 8.5, 1, 7.24, 
7.25, 18.23, 24.29, 69.537, 70.622, 7.124, 1.238, 0.118, 0.118, , 5.553, 948.566, 948.566, 948.566, 67.1, 0, 0, 259.128, 209.327, 259.128, 209.327, 82.756, 82.756, 0.024, 0.033, 245.081, 197.982, 245.081, 197.982, 17.386, 8.5, 8.5, 1, 7.29, 
7.3, 18.23, 24.29, 69.541, 70.622, 7.103, 1.238, 0.119, 0.119, , 5.577, 945.848, 945.848, 945.848, 67.1, 0, 0, 259.485, 209.616, 259.485, 209.616, 83.109, 83.109, 0.024, 0.033, 244.38, 197.415, 244.38, 197.415, 17.459, 8.5, 8.5, 1, 7.34, 
7.35, 18.23, 24.29, 69.545, 70.621, 7.084, 1.238, 0.12, 0.12, , 5.601, 943.401, 943.401, 943.401, 67.1, 0, 0, 259.902, 209.954, 259.902, 209.954, 83.461, 83.461, 0.024, 0.033, 243.748, 196.904, 243.748, 196.904, 17.518, 8.5, 8.5, 1, 7.39, 
7.4, 18.23, 24.29, 69.55, 70.62, 7.062, 1.238, 0.121, 0.121, , 5.624, 940.578, 940.578, 940.578, 67.1, 0, 0, 260.212, 210.205, 260.212, 210.205, 83.812, 83.812, 0.024, 0.033, 243.02, 196.314, 243.02, 196.314, 17.564, 8.5, 8.5, 1, 7.44, 
7.45, 18.23, 24.29, 69.554, 70.619, 7.036, 1.238, 0.122, 0.122, , 5.647, 937.141, 937.141, 937.141, 67.1, 0, 0, 260.347, 210.314, 260.347, 210.314, 84.162, 84.162, 0.024, 0.033, 242.132, 195.597, 242.132, 195.597, 17.609, 8.5, 8.5, 1, 7.49, 
7.5, 18.23, 24.29, 69.558, 70.619, 7.015, 1.238, 0.123, 0.123, , 5.671, 934.398, 934.398, 934.398, 67.1, 0, 0, 260.667, 210.573, 260.667, 210.573, 84.51, 84.51, 0.024, 0.033, 241.424, 195.024, 241.424, 195.024, 17.654, 8.5, 8.5, 1, 7.54, 
7.55, 18.23, 24.29, 69.562, 70.618, 7.004, 1.238, 0.125, 0.125, , 5.694, 933.001, 933.001, 933.001, 67.1, 0, 0, 261.345, 211.12, 261.345, 211.12, 84.857, 84.857, 0.024, 0.033, 241.063, 194.734, 241.063, 194.734, 17.649, 8.5, 8.5, 1, 7.59, 
7.6, 18.23, 24.29, 69.567, 70.617, 6.99, 1.238, 0.126, 0.126, , 5.717, 931.259, 931.259, 931.259, 67.1, 0, 0, 261.922, 211.586, 261.922, 211.586, 85.202, 85.202, 0.024, 0.033, 240.612, 194.371, 240.612, 194.371, 17.579, 8.5, 8.5, 1, 7.64, 
7.65, 18.23, 24.29, 69.57, 70.616, 6.97, 1.238, 0.127, 0.127, , 5.741, 928.711, 928.711, 928.711, 67.1, 0, 0, 262.262, 211.859, 262.262, 211.859, 85.547, 85.547, 0.024, 0.033, 239.954, 193.839, 239.954, 193.839, 17.51, 8.5, 8.5, 1, 7.69, 
7.7, 18.23, 24.29, 69.57, 70.616, 6.949, 1.238, 0.128, 0.128, , 5.764, 926.032, 926.032, 926.032, 67.1, 0, 0, 262.559, 212.099, 262.559, 212.099, 85.894, 85.894, 0.024, 0.033, 239.262, 193.28, 239.262, 193.28, 17.44, 8.5, 8.5, 1, 7.74, 
7.75, 18.23, 24.29, 69.57, 70.615, 6.926, 1.238, 0.129, 0.129, , 5.787, 923.013, 923.013, 923.013, 67.1, 0, 0, 262.746, 212.251, 262.746, 212.251, 86.239, 86.239, 0.024, 0.033, 238.482, 192.65, 238.482, 192.65, 17.382, 8.5, 8.5, 1, 7.79, 
7.8, 18.23, 24.29, 69.57, 70.614, 6.899, 1.238, 0.13, 0.13, , 5.81, 919.559, 919.559, 919.559, 67.1, 0, 0, 262.802, 212.297, 262.802, 212.297, 86.581, 86.581, 0.024, 0.033, 237.589, 191.929, 237.589, 191.929, 17.344, 8.5, 8.5, 1, 7.84, 
7.85, 18.23, 24.29, 69.57, 70.613, 6.864, 1.238, 0.132, 0.132, , 5.833, 914.983, 914.983, 914.983, 67.1, 0, 0, 262.522, 212.071, 262.522, 212.071, 86.921, 86.921, 0.024, 0.033, 236.407, 190.973, 236.407, 190.973, 17.306, 8.5, 8.5, 1, 7.89, 
7.9, 18.23, 24.29, 69.57, 70.612, 6.832, 1.238, 0.133, 0.133, , 5.856, 910.837, 910.837, 910.837, 67.1, 0, 0, 262.358, 211.939, 262.358, 211.939, 87.26, 87.26, 0.024, 0.033, 235.337, 190.106, 235.337, 190.106, 17.268, 8.5, 8.5, 1, 7.94, 
7.95, 18.23, 24.29, 69.57, 70.612, 6.808, 1.238, 0.134, 0.134, , 5.878, 907.694, 907.694, 907.694, 67.1, 0, 0, 262.462, 212.023, 262.462, 212.023, 87.598, 87.598, 0.024, 0.033, 234.525, 189.45, 234.525, 189.45, 17.252, 8.5, 8.5, 1, 7.99, 
8, 18.23, 24.29, 69.57, 70.611, 6.787, 1.238, 0.135, 0.135, , 5.901, 904.993, 904.993, 904.993, 67.1, 0, 0, 262.693, 212.209, 262.693, 212.209, 87.934, 87.934, 0.024, 0.033, 233.828, 188.886, 233.828, 188.886, 17.283, 8.5, 8.5, 1, 8.04, 
8.05, 18.23, 24.29, 69.57, 70.61, 6.773, 1.238, 0.136, 0.136, , 5.924, 903.23, 903.23, 903.23, 67.1, 0, 0, 263.193, 212.613, 263.193, 212.613, 88.271, 88.271, 0.024, 0.033, 233.372, 188.518, 233.372, 188.518, 17.314, 8.5, 8.5, 1, 8.09, 
8.1, 18.23, 24.29, 69.57, 70.611, 6.761, 1.238, 0.138, 0.138, , 5.946, 901.691, 901.691, 901.691, 67.1, 0, 0, 263.751, 213.063, 263.751, 213.063, 88.608, 88.608, 0.024, 0.033, 232.975, 188.197, 232.975, 188.197, 17.346, 8.5, 8.5, 1, 8.14, 
8.15, 18.23, 24.29, 69.57, 70.611, 6.752, 1.238, 0.139, 0.139, , 5.969, 900.52, 900.52, 900.52, 67.1, 0, 0, 264.402, 213.589, 264.402, 213.589, 88.943, 88.943, 0.024, 0.032, 232.673, 187.953, 232.673, 187.953, 17.381, 8.5, 8.5, 1, 8.19, 
8.2, 18.23, 24.29, 69.57, 70.612, 6.741, 1.238, 0.141, 0.141, , 5.991, 899.095, 899.095, 899.095, 67.1, 0, 0, 264.973, 214.05, 264.973, 214.05, 89.277, 89.277, 0.024, 0.032, 232.305, 187.656, 232.305, 187.656, 17.429, 8.5, 8.5, 1, 8.24, 
8.25, 18.23, 24.29, 69.57, 70.613, 6.727, 1.238, 0.142, 0.142, , 6.013, 897.35, 897.35, 897.35, 67.1, 0, 0, 265.442, 214.43, 265.442, 214.43, 89.61, 89.61, 0.024, 0.032, 231.853, 187.292, 231.853, 187.292, 17.477, 8.5, 8.5, 1, 8.29, 
8.3, 18.23, 24.29, 69.57, 70.614, 6.712, 1.238, 0.143, 0.143, , 6.036, 895.49, 895.49, 895.49, 67.1, 0, 0, 265.878, 214.783, 265.878, 214.783, 89.943, 89.943, 0.024, 0.032, 231.371, 186.904, 231.371, 186.904, 17.524, 8.5, 8.5, 1, 8.34, 
8.35, 18.23, 24.29, 69.57, 70.614, 6.697, 1.238, 0.144, 0.144, , 6.058, 893.516, 893.516, 893.516, 67.1, 0, 0, 266.282, 215.109, 266.282, 215.109, 90.277, 90.277, 0.024, 0.032, 230.861, 186.492, 230.861, 186.492, 17.571, 8.5, 8.5, 1, 8.39, 
8.4, 18.23, 24.29, 69.57, 70.615, 6.681, 1.238, 0.146, 0.146, , 6.081, 891.489, 891.489, 891.489, 67.1, 0, 0, 266.658, 215.414, 266.658, 215.414, 90.61, 90.61, 0.024, 0.032, 230.337, 186.069, 230.337, 186.069, 17.615, 8.5, 8.5, 1, 8.44, 
8.45, 18.23, 24.29, 69.57, 70.616, 6.665, 1.238, 0.147, 0.147, , 6.103, 889.426, 889.426, 889.426, 67.1, 0, 0, 267.016, 215.703, 267.016, 215.703, 90.943, 90.943, 0.024, 0.032, 229.803, 185.639, 229.803, 185.639, 17.659, 8.5, 8.5, 1, 8.49, 
8.5, 18.23, 24.29, 69.57, 70.617, 6.651, 1.238, 0.148, 0.148, , 6.125, 887.68, 887.68, 887.68, 67.1, 0, 0, 267.463, 216.064, 267.463, 216.064, 91.277, 91.277, 0.024, 0.032, 229.352, 185.275, 229.352, 185.275, 17.703, 8.5, 8.5, 1, 8.54, 
8.55, 18.23, 24.29, 69.57, 70.618, 6.639, 1.238, 0.149, 0.149, , 6.147, 886.07, 886.07, 886.07, 67.1, 0, 0, 267.949, 216.456, 267.949, 216.456, 91.607, 91.607, 0.024, 0.032, 228.935, 184.94, 228.935, 184.94, 17.734, 8.5, 8.5, 1, 8.59, 
8.6, 18.23, 24.29, 69.57, 70.618, 6.621, 1.238, 0.151, 0.151, , 6.169, 883.749, 883.749, 883.749, 67.1, 0, 0, 268.202, 216.66, 268.202, 216.66, 91.937, 91.937, 0.024, 0.032, 228.335, 184.455, 228.335, 184.455, 17.688, 8.5, 8.5, 1, 8.64, 
8.65, 18.23, 24.29, 69.57, 70.619, 6.601, 1.238, 0.152, 0.152, , 6.191, 881.272, 881.272, 881.272, 67.1, 0, 0, 268.405, 216.824, 268.405, 216.824, 92.265, 92.265, 0.024, 0.032, 227.695, 183.938, 227.695, 183.938, 17.641, 8.5, 8.5, 1, 8.69, 
8.7, 18.23, 24.29, 69.57, 70.62, 6.579, 1.238, 0.153, 0.153, , 6.213, 878.401, 878.401, 878.401, 67.1, 0, 0, 268.472, 216.879, 268.472, 216.879, 92.593, 92.593, 0.024, 0.032, 226.953, 183.337, 226.953, 183.337, 17.594, 8.5, 8.5, 1, 8.74, 
8.75, 18.23, 24.29, 69.57, 70.621, 6.556, 1.238, 0.154, 0.154, , 6.235, 875.45, 875.45, 875.45, 67.1, 0, 0, 268.514, 216.913, 268.514, 216.913, 92.918, 92.918, 0.024, 0.032, 226.189, 182.72, 226.189, 182.72, 17.547, 8.5, 8.5, 1, 8.79, 
8.8, 18.23, 24.29, 69.57, 70.621, 6.529, 1.238, 0.156, 0.156, , 6.257, 871.871, 871.871, 871.871, 67.1, 0, 0, 268.353, 216.782, 268.353, 216.782, 93.242, 93.242, 0.024, 0.033, 225.266, 181.972, 225.266, 181.972, 17.492, 8.5, 8.5, 1, 8.84, 
8.85, 18.23, 24.29, 69.57, 70.622, 6.504, 1.238, 0.157, 0.157, , 6.279, 868.637, 868.637, 868.637, 67.1, 0, 0, 268.293, 216.734, 268.293, 216.734, 93.566, 93.566, 0.024, 0.033, 224.431, 181.296, 224.431, 181.296, 17.436, 8.5, 8.5, 1, 8.89, 
8.9, 18.23, 24.29, 69.57, 70.623, 6.487, 1.238, 0.158, 0.158, , 6.301, 866.502, 866.502, 866.502, 67.1, 0, 0, 268.553, 216.944, 268.553, 216.944, 93.89, 93.89, 0.024, 0.033, 223.88, 180.851, 223.88, 180.851, 17.381, 8.5, 8.5, 1, 8.94, 
8.95, 18.23, 24.29, 69.57, 70.624, 6.471, 1.238, 0.16, 0.16, , 6.322, 864.468, 864.468, 864.468, 67.1, 0, 0, 268.843, 217.177, 268.843, 217.177, 94.215, 94.215, 0.024, 0.033, 223.356, 180.427, 223.356, 180.427, 17.327, 8.5, 8.5, 1, 8.99, 
9, 18.23, 24.29, 69.57, 70.624, 6.457, 1.238, 0.161, 0.161, , 6.344, 862.589, 862.589, 862.589, 67.1, 0, 0, 269.174, 217.444, 269.174, 217.444, 94.537, 94.537, 0.024, 0.033, 222.871, 180.035, 222.871, 180.035, 17.361, 8.5, 8.5, 1, 9.04, 
9.05, 18.23, 24.29, 69.57, 70.625, 6.444, 1.238, 0.162, 0.162, , 6.365, 860.949, 860.949, 860.949, 67.1, 0, 0, 269.576, 217.769, 269.576, 217.769, 94.857, 94.857, 0.024, 0.033, 222.446, 179.693, 222.446, 179.693, 17.394, 8.5, 8.5, 1, 9.09, 
9.1, 18.23, 24.29, 69.57, 70.626, 6.432, 1.238, 0.164, 0.164, , 6.386, 859.483, 859.483, 859.483, 67.1, 0, 0, 270.03, 218.136, 270.03, 218.136, 95.175, 95.175, 0.024, 0.033, 222.067, 179.387, 222.067, 179.387, 17.428, 8.5, 8.5, 1, 9.14, 
9.15, 18.23, 24.29, 69.57, 70.627, 6.416, 1.238, 0.165, 0.165, , 6.408, 857.466, 857.466, 857.466, 67.1, 0, 0, 270.294, 218.35, 270.294, 218.35, 95.492, 95.492, 0.024, 0.033, 221.545, 178.967, 221.545, 178.967, 17.462, 8.5, 8.5, 1, 9.19, 
9.2, 18.23, 24.29, 69.57, 70.628, 6.4, 1.238, 0.166, 0.166, , 6.429, 855.294, 855.294, 855.294, 67.1, 0, 0, 270.505, 218.52, 270.505, 218.52, 95.812, 95.812, 0.024, 0.032, 220.982, 178.515, 220.982, 178.515, 17.574, 8.5, 8.5, 1, 9.24, 
9.25, 18.23, 24.29, 69.57, 70.628, 6.387, 1.238, 0.168, 0.168, , 6.451, 853.715, 853.715, 853.715, 67.1, 0, 0, 270.9, 218.839, 270.9, 218.839, 96.132, 96.132, 0.024, 0.032, 220.575, 178.186, 220.575, 178.186, 17.69, 8.5, 8.5, 1, 9.29, 
9.3, 18.23, 24.29, 69.57, 70.629, 6.373, 1.238, 0.169, 0.169, , 6.472, 851.933, 851.933, 851.933, 67.1, 0, 0, 271.227, 219.104, 271.227, 219.104, 96.445, 96.445, 0.024, 0.032, 220.116, 177.814, 220.116, 177.814, 17.806, 8.5, 8.5, 1, 9.34, 
9.35, 18.23, 24.29, 69.57, 70.63, 6.351, 1.238, 0.17, 0.17, , 6.493, 849.114, 849.114, 849.114, 67.1, 0, 0, 271.212, 219.091, 271.212, 219.091, 96.759, 96.759, 0.024, 0.032, 219.387, 177.226, 219.387, 177.226, 17.923, 8.5, 8.5, 1, 9.39, 
9.4, 18.229, 24.29, 69.57, 70.63, 6.326, 1.238, 0.171, 0.171, , 6.514, 845.797, 845.797, 845.797, 67.1, 0, 0, 271.032, 218.945, 271.032, 218.945, 97.075, 97.075, 0.024, 0.032, 218.53, 176.534, 218.53, 176.534, 18, 8.5, 8.5, 1, 9.44, 
9.45, 18.228, 24.29, 69.57, 70.63, 6.294, 1.238, 0.173, 0.173, , 6.536, 841.731, 841.731, 841.731, 67.1, 0, 0, 270.604, 218.598, 270.604, 218.598, 97.39, 97.39, 0.024, 0.032, 217.478, 175.685, 217.478, 175.685, 18.072, 8.5, 8.5, 1, 9.49, 
9.5, 18.227, 24.29, 69.57, 70.63, 6.267, 1.238, 0.174, 0.174, , 6.557, 838.147, 838.147, 838.147, 67.1, 0, 0, 270.319, 218.368, 270.319, 218.368, 97.705, 97.705, 0.024, 0.032, 216.552, 174.938, 216.552, 174.938, 18.143, 8.5, 8.5, 1, 9.54, 
9.55, 18.226, 24.29, 69.57, 70.63, 6.241, 1.238, 0.176, 0.176, , 6.577, 834.834, 834.834, 834.834, 67.1, 0, 0, 270.115, 218.203, 270.115, 218.203, 98.015, 98.015, 0.024, 0.032, 215.696, 174.246, 215.696, 174.246, 18.215, 8.5, 8.5, 1, 9.59, 
9.6, 18.225, 24.29, 69.57, 70.63, 6.226, 1.238, 0.177, 0.177, , 6.598, 832.948, 832.948, 832.948, 67.1, 0, 0, 270.353, 218.397, 270.353, 218.397, 98.323, 98.323, 0.024, 0.032, 215.21, 173.853, 215.21, 173.853, 18.176, 8.5, 8.5, 1, 9.64, 
9.65, 18.223, 24.29, 69.57, 70.63, 6.214, 1.238, 0.178, 0.178, , 6.619, 831.388, 831.388, 831.388, 67.1, 0, 0, 270.694, 218.673, 270.694, 218.673, 98.634, 98.634, 0.024, 0.032, 214.808, 173.528, 214.808, 173.528, 18.112, 8.5, 8.5, 1, 9.69, 
9.7, 18.222, 24.29, 69.57, 70.63, 6.209, 1.238, 0.18, 0.18, , 6.639, 830.784, 830.784, 830.784, 67.1, 0, 0, 271.34, 219.196, 271.34, 219.196, 98.943, 98.943, 0.024, 0.032, 214.653, 173.402, 214.653, 173.402, 18.048, 8.5, 8.5, 1, 9.74, 
9.75, 18.221, 24.29, 69.57, 70.63, 6.204, 1.238, 0.181, 0.181, , 6.66, 830.109, 830.109, 830.109, 67.1, 0, 0, 271.964, 219.7, 271.964, 219.7, 99.25, 99.25, 0.024, 0.032, 214.479, 173.26, 214.479, 173.26, 17.984, 8.5, 8.5, 1, 9.79, 
9.8, 18.22, 24.29, 69.57, 70.63, 6.197, 1.238, 0.182, 0.182, , 6.681, 829.316, 829.316, 829.316, 67.1, 0, 0, 272.553, 220.175, 272.553, 220.175, 99.558, 99.558, 0.024, 0.032, 214.273, 173.093, 214.273, 173.093, 17.919, 8.5, 8.5, 1, 9.84, 
9.85, 18.219, 24.29, 69.57, 70.63, 6.18, 1.238, 0.184, 0.184, , 6.702, 827.118, 827.118, 827.118, 67.1, 0, 0, 272.67, 220.269, 272.67, 220.269, 99.868, 99.868, 0.024, 0.033, 213.704, 172.634, 213.704, 172.634, 17.853, 8.5, 8.5, 1, 9.89, 
9.9, 18.218, 24.29, 69.57, 70.63, 6.157, 1.238, 0.185, 0.185, , 6.722, 824.195, 824.195, 824.195, 67.1, 0, 0, 272.544, 220.166, 272.544, 220.166, 100.175, 100.175, 0.024, 0.033, 212.949, 172.023, 212.949, 172.023, 17.787, 8.5, 8.5, 1, 9.94, 
9.95, 18.216, 24.29, 69.57, 70.63, 6.136, 1.238, 0.186, 0.186, , 6.743, 821.417, 821.417, 821.417, 67.1, 0, 0, 272.446, 220.085, 272.446, 220.085, 100.481, 100.481, 0.024, 0.033, 212.231, 171.444, 212.231, 171.444, 17.722, 8.5, 8.5, 1, 9.99, 
10, 18.215, 24.29, 69.57, 70.63, 6.112, 1.238, 0.188, 0.188, , 6.763, 818.294, 818.294, 818.294, 67.1, 0, 0, 272.229, 219.909, 272.229, 219.909, 100.787, 100.787, 0.024, 0.033, 211.425, 170.793, 211.425, 170.793, 17.73, 8.5, 8.5, 1, 10.04, 
10.05, 18.214, 24.29, 69.57, 70.63, 6.078, 1.238, 0.189, 0.189, , 6.783, 813.917, 813.917, 813.917, 67.1, 0, 0, 271.588, 219.389, 271.588, 219.389, 101.091, 101.091, 0.024, 0.033, 210.295, 169.881, 210.295, 169.881, 17.769, 8.5, 8.5, 1, 10.09, 
10.1, 18.213, 24.29, 69.57, 70.63, 6.053, 1.238, 0.191, 0.191, , 6.804, 810.608, 810.608, 810.608, 67.1, 0, 0, 271.295, 219.153, 271.295, 219.153, 101.391, 101.391, 0.024, 0.033, 209.442, 169.192, 209.442, 169.192, 17.809, 8.5, 8.5, 1, 10.14, 
10.15, 18.212, 24.29, 69.57, 70.63, 6.035, 1.238, 0.192, 0.192, , 6.824, 808.285, 808.285, 808.285, 67.1, 0, 0, 271.325, 219.179, 271.325, 219.179, 101.689, 101.689, 0.024, 0.033, 208.843, 168.707, 208.843, 168.707, 17.849, 8.5, 8.5, 1, 10.19, 
10.2, 18.211, 24.29, 69.57, 70.63, 6.02, 1.238, 0.193, 0.193, , 6.844, 806.373, 806.373, 806.373, 67.1, 0, 0, 271.48, 219.305, 271.48, 219.305, 101.987, 101.987, 0.024, 0.032, 208.348, 168.309, 208.348, 168.309, 17.893, 8.5, 8.5, 1, 10.24, 
10.25, 18.209, 24.29, 69.57, 70.63, 6.006, 1.238, 0.195, 0.195, , 6.864, 804.672, 804.672, 804.672, 67.1, 0, 0, 271.703, 219.487, 271.703, 219.487, 102.287, 102.287, 0.024, 0.032, 207.908, 167.954, 207.908, 167.954, 17.939, 8.5, 8.5, 1, 10.29, 
10.3, 18.208, 24.29, 69.57, 70.63, 5.999, 1.238, 0.196, 0.196, , 6.884, 803.78, 803.78, 803.78, 67.1, 0, 0, 272.201, 219.89, 272.201, 219.89, 102.587, 102.587, 0.024, 0.032, 207.677, 167.767, 207.677, 167.767, 17.986, 8.5, 8.5, 1, 10.34, 
10.35, 18.207, 24.29, 69.57, 70.63, 5.989, 1.238, 0.198, 0.198, , 6.904, 802.51, 802.51, 802.51, 67.1, 0, 0, 272.561, 220.181, 272.561, 220.181, 102.888, 102.888, 0.024, 0.032, 207.348, 167.5, 207.348, 167.5, 18.032, 8.5, 8.5, 1, 10.39, 
10.4, 18.206, 24.29, 69.57, 70.63, 5.976, 1.238, 0.199, 0.199, , 6.924, 800.829, 800.829, 800.829, 67.1, 0, 0, 272.771, 220.35, 272.771, 220.35, 103.187, 103.187, 0.024, 0.032, 206.914, 167.147, 206.914, 167.147, 18.073, 8.5, 8.5, 1, 10.44, 
10.45, 18.205, 24.29, 69.57, 70.63, 5.96, 1.238, 0.201, 0.201, , 6.944, 798.815, 798.815, 798.815, 67.1, 0, 0, 272.865, 220.423, 272.865, 220.423, 103.484, 103.484, 0.024, 0.032, 206.393, 166.725, 206.393, 166.725, 18.109, 8.5, 8.5, 1, 10.49, 
10.5, 18.204, 24.29, 69.57, 70.63, 5.944, 1.238, 0.202, 0.202, , 6.964, 796.764, 796.764, 796.764, 67.1, 0, 0, 272.945, 220.487, 272.945, 220.487, 103.779, 103.779, 0.024, 0.032, 205.863, 166.295, 205.863, 166.295, 18.146, 8.5, 8.5, 1, 10.54, 
10.55, 18.203, 24.29, 69.57, 70.63, 5.93, 1.238, 0.203, 0.203, , 6.984, 795.01, 795.01, 795.01, 67.1, 0, 0, 273.122, 220.631, 273.122, 220.631, 104.074, 104.074, 0.024, 0.032, 205.41, 165.93, 205.41, 165.93, 18.182, 8.5, 8.5, 1, 10.59, 
10.6, 18.201, 24.29, 69.57, 70.63, 5.916, 1.238, 0.205, 0.205, , 7.003, 793.148, 793.148, 793.148, 67.1, 0, 0, 273.252, 220.737, 273.252, 220.737, 104.367, 104.367, 0.024, 0.032, 204.928, 165.542, 204.928, 165.542, 18.182, 8.5, 8.5, 1, 10.64, 
10.65, 18.2, 24.29, 69.57, 70.63, 5.9, 1.238, 0.206, 0.206, , 7.023, 791.179, 791.179, 791.179, 67.1, 0, 0, 273.337, 220.806, 273.337, 220.806, 104.66, 104.66, 0.024, 0.032, 204.418, 165.132, 204.418, 165.132, 18.148, 8.5, 8.5, 1, 10.69, 
10.7, 18.2, 24.29, 69.57, 70.629, 5.879, 1.238, 0.208, 0.208, , 7.042, 788.468, 788.468, 788.468, 67.1, 0, 0, 273.165, 220.668, 273.165, 220.668, 104.953, 104.953, 0.024, 0.032, 203.718, 164.567, 203.718, 164.567, 18.114, 8.5, 8.5, 1, 10.74, 
10.75, 18.2, 24.29, 69.57, 70.629, 5.857, 1.238, 0.209, 0.209, , 7.062, 785.615, 785.615, 785.615, 67.1, 0, 0, 272.94, 220.487, 272.94, 220.487, 105.245, 105.245, 0.024, 0.032, 202.981, 163.972, 202.981, 163.972, 18.08, 8.5, 8.5, 1, 10.79, 
10.8, 18.2, 24.29, 69.57, 70.628, 5.835, 1.238, 0.211, 0.211, , 7.082, 782.757, 782.757, 782.757, 67.1, 0, 0, 272.698, 220.292, 272.698, 220.292, 105.535, 105.535, 0.024, 0.033, 202.243, 163.377, 202.243, 163.377, 18.04, 8.5, 8.5, 1, 10.84, 
10.85, 18.2, 24.29, 69.57, 70.627, 5.818, 1.238, 0.212, 0.212, , 7.101, 780.514, 780.514, 780.514, 67.1, 0, 0, 272.665, 220.266, 272.665, 220.266, 105.821, 105.821, 0.024, 0.033, 201.664, 162.908, 201.664, 162.908, 17.995, 8.5, 8.5, 1, 10.89, 
10.9, 18.2, 24.29, 69.57, 70.626, 5.804, 1.238, 0.213, 0.213, , 7.121, 778.715, 778.715, 778.715, 67.1, 0, 0, 272.782, 220.363, 272.782, 220.363, 106.113, 106.113, 0.024, 0.033, 201.199, 162.532, 201.199, 162.532, 17.95, 8.5, 8.5, 1, 10.94, 
10.95, 18.2, 24.29, 69.57, 70.626, 5.787, 1.238, 0.216, 0.216, , 7.142, 776.661, 776.661, 776.661, 67.1, 0, 0, 273.146, 220.656, 273.146, 220.656, 106.429, 106.429, 0.024, 0.033, 200.669, 162.102, 200.669, 162.102, 17.905, 8.5, 8.5, 1, 10.99, 
11, 18.2, 24.29, 69.57, 70.625, 5.773, 1.238, 0.217, 0.217, , 7.17, 774.824, 774.824, 774.824, 67.1, 0, 0, 273.474, 220.921, 273.474, 220.921, 106.858, 106.858, 0.024, 0.033, 200.195, 161.718, 200.195, 161.718, 17.894, 8.5, 8.5, 1, 11.04, 
11.05, 18.2, 24.29, 69.57, 70.624, 5.762, 1.238, 0.218, 0.218, , 7.194, 773.432, 773.432, 773.432, 67.1, 0, 0, 273.715, 221.115, 273.715, 221.115, 107.21, 107.21, 0.024, 0.033, 199.834, 161.426, 199.834, 161.426, 17.933, 8.5, 8.5, 1, 11.09, 
11.1, 18.2, 24.29, 69.57, 70.623, 5.745, 1.238, 0.22, 0.22, , 7.213, 771.258, 771.258, 771.258, 67.1, 0, 0, 273.671, 221.078, 273.671, 221.078, 107.498, 107.498, 0.024, 0.033, 199.272, 160.972, 199.272, 160.972, 17.972, 8.5, 8.5, 1, 11.14, 
11.15, 18.2, 24.29, 69.57, 70.622, 5.727, 1.238, 0.221, 0.221, , 7.232, 768.993, 768.993, 768.993, 67.1, 0, 0, 273.592, 221.013, 273.592, 221.013, 107.782, 107.782, 0.024, 0.033, 198.686, 160.499, 198.686, 160.499, 18.011, 8.5, 8.5, 1, 11.19, 
11.2, 18.2, 24.29, 69.57, 70.622, 5.718, 1.238, 0.223, 0.223, , 7.251, 767.856, 767.856, 767.856, 67.1, 0, 0, 273.907, 221.268, 273.907, 221.268, 108.066, 108.066, 0.024, 0.033, 198.391, 160.262, 198.391, 160.262, 18.063, 8.5, 8.5, 1, 11.24, 
11.25, 18.2, 24.29, 69.57, 70.621, 5.706, 1.238, 0.224, 0.224, , 7.27, 766.343, 766.343, 766.343, 67.1, 0, 0, 274.086, 221.411, 274.086, 221.411, 108.347, 108.347, 0.024, 0.032, 197.999, 159.947, 197.999, 159.947, 18.145, 8.5, 8.5, 1, 11.29, 
11.3, 18.2, 24.29, 69.57, 70.62, 5.692, 1.238, 0.226, 0.226, , 7.289, 764.511, 764.511, 764.511, 67.1, 0, 0, 274.148, 221.461, 274.148, 221.461, 108.631, 108.631, 0.024, 0.032, 197.524, 159.565, 197.524, 159.565, 18.227, 8.5, 8.5, 1, 11.34, 
11.35, 18.2, 24.29, 69.57, 70.619, 5.676, 1.238, 0.227, 0.227, , 7.308, 762.495, 762.495, 762.495, 67.1, 0, 0, 274.136, 221.45, 274.136, 221.45, 108.915, 108.915, 0.024, 0.032, 197.004, 159.146, 197.004, 159.146, 18.309, 8.5, 8.5, 1, 11.39, 
11.4, 18.2, 24.29, 69.57, 70.619, 5.662, 1.238, 0.229, 0.229, , 7.327, 760.66, 760.66, 760.66, 67.1, 0, 0, 274.185, 221.489, 274.185, 221.489, 109.195, 109.195, 0.024, 0.032, 196.53, 158.764, 196.53, 158.764, 18.388, 8.5, 8.5, 1, 11.44, 
11.45, 18.2, 24.29, 69.57, 70.618, 5.65, 1.238, 0.23, 0.23, , 7.346, 759.135, 759.135, 759.135, 67.1, 0, 0, 274.335, 221.611, 274.335, 221.611, 109.476, 109.476, 0.024, 0.032, 196.136, 158.446, 196.136, 158.446, 18.46, 8.5, 8.5, 1, 11.49, 
11.5, 18.2, 24.29, 69.57, 70.617, 5.633, 1.238, 0.232, 0.232, , 7.365, 756.952, 756.952, 756.952, 67.1, 0, 0, 274.248, 221.541, 274.248, 221.541, 109.758, 109.758, 0.024, 0.032, 195.573, 157.99, 195.573, 157.99, 18.532, 8.5, 8.5, 1, 11.54, 
11.55, 18.2, 24.29, 69.57, 70.616, 5.616, 1.238, 0.233, 0.233, , 7.384, 754.722, 754.722, 754.722, 67.1, 0, 0, 274.142, 221.456, 274.142, 221.456, 110.039, 110.039, 0.024, 0.032, 194.998, 157.524, 194.998, 157.524, 18.604, 8.5, 8.5, 1, 11.59, 
11.6, 18.2, 24.29, 69.57, 70.616, 5.601, 1.238, 0.235, 0.235, , 7.403, 752.868, 752.868, 752.868, 67.1, 0, 0, 274.159, 221.47, 274.159, 221.47, 110.318, 110.318, 0.024, 0.032, 194.52, 157.137, 194.52, 157.137, 18.639, 8.5, 8.5, 1, 11.64, 
11.65, 18.2, 24.29, 69.57, 70.615, 5.581, 1.238, 0.236, 0.236, , 7.421, 750.317, 750.317, 750.317, 67.1, 0, 0, 273.912, 221.271, 273.912, 221.271, 110.595, 110.595, 0.024, 0.032, 193.862, 156.603, 193.862, 156.603, 18.527, 8.5, 8.5, 1, 11.69, 
11.7, 18.2, 24.29, 69.57, 70.614, 5.56, 1.238, 0.238, 0.238, , 7.44, 747.512, 747.512, 747.512, 67.1, 0, 0, 273.568, 220.993, 273.568, 220.993, 110.871, 110.871, 0.024, 0.032, 193.138, 156.016, 193.138, 156.016, 18.414, 8.5, 8.5, 1, 11.74, 
11.75, 18.2, 24.29, 69.57, 70.613, 5.542, 1.238, 0.24, 0.24, , 7.458, 745.257, 745.257, 745.257, 67.1, 0, 0, 273.425, 220.877, 273.425, 220.877, 111.146, 111.146, 0.024, 0.032, 192.555, 155.545, 192.555, 155.545, 18.302, 8.5, 8.5, 1, 11.79, 
11.8, 18.2, 24.29, 69.57, 70.612, 5.527, 1.238, 0.241, 0.241, , 7.477, 743.318, 743.318, 743.318, 67.1, 0, 0, 273.394, 220.851, 273.394, 220.851, 111.422, 111.422, 0.024, 0.032, 192.054, 155.14, 192.054, 155.14, 18.192, 8.5, 8.5, 1, 11.84, 
11.85, 18.2, 24.29, 69.57, 70.612, 5.514, 1.238, 0.243, 0.243, , 7.495, 741.618, 741.618, 741.618, 67.1, 0, 0, 273.448, 220.895, 273.448, 220.895, 111.697, 111.697, 0.024, 0.032, 191.615, 154.786, 191.615, 154.786, 18.097, 8.5, 8.5, 1, 11.89, 
11.9, 18.2, 24.29, 69.57, 70.611, 5.502, 1.238, 0.244, 0.244, , 7.514, 740.183, 740.183, 740.183, 67.1, 0, 0, 273.588, 221.008, 273.588, 221.008, 111.971, 111.971, 0.024, 0.033, 191.243, 154.487, 191.243, 154.487, 18.003, 8.5, 8.5, 1, 11.94, 
11.95, 18.2, 24.29, 69.57, 70.61, 5.494, 1.238, 0.246, 0.246, , 7.532, 739.126, 739.126, 739.126, 67.1, 0, 0, 273.863, 221.231, 273.863, 221.231, 112.244, 112.244, 0.024, 0.033, 190.969, 154.267, 190.969, 154.267, 17.909, 8.5, 8.5, 1, 11.99, 
12, 18.2, 24.29, 69.57, 70.611, 5.488, 1.238, 0.247, 0.247, , 7.55, 738.447, 738.447, 738.447, 67.1, 0, 0, 274.274, 221.562, 274.274, 221.562, 112.518, 112.518, 0.024, 0.033, 190.792, 154.126, 190.792, 154.126, 17.828, 8.5, 8.5, 1, 12.04, 
12.05, 18.2, 24.29, 69.57, 70.611, 5.476, 1.238, 0.249, 0.249, , 7.569, 736.849, 736.849, 736.849, 67.1, 0, 0, 274.341, 221.616, 274.341, 221.616, 112.792, 112.792, 0.024, 0.033, 190.379, 153.792, 190.379, 153.792, 17.897, 8.5, 8.5, 1, 12.09, 
12.1, 18.2, 24.29, 69.57, 70.612, 5.457, 1.238, 0.25, 0.25, , 7.587, 734.421, 734.421, 734.421, 67.1, 0, 0, 274.093, 221.416, 274.093, 221.416, 113.063, 113.063, 0.024, 0.033, 189.752, 153.285, 189.752, 153.285, 17.967, 8.5, 8.5, 1, 12.14, 
12.15, 18.2, 24.29, 69.57, 70.613, 5.43, 1.238, 0.252, 0.252, , 7.605, 730.985, 730.985, 730.985, 67.1, 0, 0, 273.463, 220.908, 273.463, 220.908, 113.333, 113.333, 0.024, 0.033, 188.864, 152.57, 188.864, 152.57, 18.037, 8.5, 8.5, 1, 12.19, 
12.2, 18.2, 24.29, 69.57, 70.614, 5.401, 1.238, 0.253, 0.253, , 7.623, 727.187, 727.187, 727.187, 67.1, 0, 0, 272.683, 220.277, 272.683, 220.277, 113.603, 113.603, 0.024, 0.032, 187.883, 151.777, 187.883, 151.777, 18.105, 8.5, 8.5, 1, 12.24, 
12.25, 18.2, 24.29, 69.57, 70.614, 5.375, 1.238, 0.255, 0.255, , 7.641, 723.834, 723.834, 723.834, 67.1, 0, 0, 272.068, 219.78, 272.068, 219.78, 113.871, 113.871, 0.024, 0.032, 187.017, 151.077, 187.017, 151.077, 18.072, 8.5, 8.5, 1, 12.29, 
12.3, 18.2, 24.29, 69.57, 70.615, 5.355, 1.238, 0.257, 0.257, , 7.659, 721.194, 721.194, 721.194, 67.1, 0, 0, 271.718, 219.498, 271.718, 219.498, 114.136, 114.136, 0.024, 0.032, 186.336, 150.525, 186.336, 150.525, 18.039, 8.5, 8.5, 1, 12.34, 
12.35, 18.2, 24.29, 69.57, 70.616, 5.339, 1.238, 0.258, 0.258, , 7.677, 719.217, 719.217, 719.217, 67.1, 0, 0, 271.608, 219.41, 271.608, 219.41, 114.4, 114.4, 0.024, 0.032, 185.825, 150.113, 185.825, 150.113, 18.005, 8.5, 8.5, 1, 12.39, 
12.4, 18.2, 24.29, 69.57, 70.617, 5.326, 1.238, 0.26, 0.26, , 7.695, 717.556, 717.556, 717.556, 67.1, 0, 0, 271.612, 219.414, 271.612, 219.414, 114.666, 114.666, 0.024, 0.032, 185.396, 149.766, 185.396, 149.766, 17.972, 8.5, 8.5, 1, 12.44, 
12.45, 18.2, 24.29, 69.57, 70.618, 5.316, 1.238, 0.261, 0.261, , 7.712, 716.26, 716.26, 716.26, 67.1, 0, 0, 271.749, 219.524, 271.749, 219.524, 114.933, 114.933, 0.024, 0.032, 185.061, 149.495, 185.061, 149.495, 17.98, 8.5, 8.5, 1, 12.49, 
12.5, 18.2, 24.29, 69.57, 70.618, 5.31, 1.238, 0.263, 0.263, , 7.73, 715.5, 715.5, 715.5, 67.1, 0, 0, 272.079, 219.791, 272.079, 219.791, 115.2, 115.2, 0.024, 0.032, 184.864, 149.336, 184.864, 149.336, 17.989, 8.5, 8.5, 1, 12.54, 
12.55, 18.2, 24.29, 69.57, 70.619, 5.299, 1.238, 0.264, 0.264, , 7.748, 714.05, 714.05, 714.05, 67.1, 0, 0, 272.145, 219.846, 272.145, 219.846, 115.463, 115.463, 0.024, 0.032, 184.489, 149.033, 184.489, 149.033, 17.998, 8.5, 8.5, 1, 12.59, 
12.6, 18.2, 24.29, 69.57, 70.62, 5.279, 1.238, 0.266, 0.266, , 7.765, 711.474, 711.474, 711.474, 67.1, 0, 0, 271.784, 219.553, 271.784, 219.553, 115.726, 115.726, 0.024, 0.032, 183.823, 148.495, 183.823, 148.495, 18.007, 8.5, 8.5, 1, 12.64, 
12.65, 18.2, 24.29, 69.57, 70.621, 5.259, 1.238, 0.268, 0.268, , 7.783, 708.955, 708.955, 708.955, 67.1, 0, 0, 271.436, 219.272, 271.436, 219.272, 115.989, 115.989, 0.024, 0.032, 183.173, 147.971, 183.173, 147.971, 18.055, 8.5, 8.5, 1, 12.69, 
12.7, 18.2, 24.29, 69.57, 70.621, 5.241, 1.238, 0.269, 0.269, , 7.801, 706.652, 706.652, 706.652, 67.1, 0, 0, 271.165, 219.053, 271.165, 219.053, 116.249, 116.249, 0.024, 0.032, 182.579, 147.491, 182.579, 147.491, 18.107, 8.5, 8.5, 1, 12.74, 
12.75, 18.2, 24.29, 69.57, 70.622, 5.225, 1.238, 0.271, 0.271, , 7.818, 704.616, 704.616, 704.616, 67.1, 0, 0, 270.99, 218.911, 270.99, 218.911, 116.508, 116.508, 0.024, 0.032, 182.054, 147.067, 182.054, 147.067, 18.159, 8.5, 8.5, 1, 12.79, 
12.8, 18.2, 24.29, 69.57, 70.623, 5.207, 1.238, 0.272, 0.272, , 7.835, 702.245, 702.245, 702.245, 67.1, 0, 0, 270.676, 218.657, 270.676, 218.657, 116.767, 116.767, 0.024, 0.032, 181.441, 146.572, 181.441, 146.572, 18.211, 8.5, 8.5, 1, 12.84, 
12.85, 18.2, 24.29, 69.57, 70.624, 5.189, 1.238, 0.274, 0.274, , 7.853, 699.968, 699.968, 699.968, 67.1, 0, 0, 270.396, 218.43, 270.396, 218.43, 117.028, 117.028, 0.024, 0.032, 180.852, 146.096, 180.852, 146.096, 18.218, 8.5, 8.5, 1, 12.89, 
12.9, 18.2, 24.29, 69.57, 70.624, 5.172, 1.238, 0.276, 0.276, , 7.87, 697.773, 697.773, 697.773, 67.1, 0, 0, 270.144, 218.228, 270.144, 218.228, 117.284, 117.284, 0.024, 0.032, 180.285, 145.639, 180.285, 145.639, 18.214, 8.5, 8.5, 1, 12.94, 
12.95, 18.2, 24.29, 69.57, 70.625, 5.143, 1.238, 0.277, 0.277, , 7.887, 693.941, 693.941, 693.941, 67.1, 0, 0, 269.244, 217.5, 269.244, 217.5, 117.539, 117.539, 0.024, 0.032, 179.295, 144.838, 179.295, 144.838, 18.21, 8.5, 8.5, 1, 12.99, 
13, 18.2, 24.29, 69.57, 70.626, 5.112, 1.238, 0.279, 0.279, , 7.904, 690.011, 690.011, 690.011, 67.1, 0, 0, 268.299, 216.737, 268.299, 216.737, 117.794, 117.794, 0.024, 0.033, 178.28, 144.016, 178.28, 144.016, 18.206, 8.5, 8.5, 1, 13.04, 
13.05, 18.2, 24.29, 69.57, 70.627, 5.082, 1.238, 0.281, 0.281, , 7.922, 686.101, 686.101, 686.101, 67.1, 0, 0, 267.356, 215.975, 267.356, 215.975, 118.049, 118.049, 0.024, 0.033, 177.269, 143.199, 177.269, 143.199, 18.255, 8.5, 8.5, 1, 13.09, 
13.1, 18.2, 24.29, 69.57, 70.628, 5.059, 1.238, 0.282, 0.282, , 7.939, 683.056, 683.056, 683.056, 67.1, 0, 0, 266.738, 215.475, 266.738, 215.475, 118.302, 118.302, 0.024, 0.032, 176.483, 142.564, 176.483, 142.564, 18.322, 8.5, 8.5, 1, 13.14, 
13.15, 18.2, 24.29, 69.57, 70.628, 5.031, 1.238, 0.284, 0.284, , 7.955, 679.463, 679.463, 679.463, 67.1, 0, 0, 265.898, 214.796, 265.898, 214.796, 118.553, 118.553, 0.024, 0.032, 175.556, 141.814, 175.556, 141.814, 18.388, 8.5, 8.5, 1, 13.19, 
13.2, 18.2, 24.29, 69.57, 70.629, 5.003, 1.238, 0.285, 0.285, , 7.972, 675.828, 675.828, 675.828, 67.1, 0, 0, 265.036, 214.099, 265.036, 214.099, 118.803, 118.803, 0.024, 0.032, 174.617, 141.055, 174.617, 141.055, 18.455, 8.5, 8.5, 1, 13.24, 
13.25, 18.2, 24.29, 69.57, 70.63, 4.983, 1.238, 0.287, 0.287, , 7.989, 673.253, 673.253, 673.253, 67.1, 0, 0, 264.58, 213.731, 264.58, 213.731, 119.052, 119.052, 0.024, 0.032, 173.95, 140.519, 173.95, 140.519, 18.486, 8.5, 8.5, 1, 13.29, 
13.3, 18.199, 24.29, 69.57, 70.631, 4.968, 1.238, 0.289, 0.289, , 8.005, 671.256, 671.256, 671.256, 67.1, 0, 0, 264.345, 213.541, 264.345, 213.541, 119.3, 119.3, 0.024, 0.032, 173.434, 140.102, 173.434, 140.102, 18.502, 8.5, 8.5, 1, 13.34, 
13.35, 18.199, 24.29, 69.57, 70.632, 4.953, 1.238, 0.29, 0.29, , 8.022, 669.416, 669.416, 669.416, 67.1, 0, 0, 264.167, 213.397, 264.167, 213.397, 119.546, 119.546, 0.024, 0.032, 172.958, 139.718, 172.958, 139.718, 18.518, 8.5, 8.5, 1, 13.39, 
13.4, 18.198, 24.29, 69.57, 70.633, 4.938, 1.238, 0.292, 0.292, , 8.038, 667.52, 667.52, 667.52, 67.1, 0, 0, 263.962, 213.232, 263.962, 213.232, 119.791, 119.791, 0.024, 0.032, 172.469, 139.322, 172.469, 139.322, 18.534, 8.5, 8.5, 1, 13.44, 
13.45, 18.197, 24.29, 69.57, 70.634, 4.927, 1.238, 0.294, 0.294, , 8.055, 666.073, 666.073, 666.073, 67.1, 0, 0, 263.925, 213.203, 263.925, 213.203, 120.034, 120.034, 0.024, 0.032, 172.094, 139.02, 172.094, 139.02, 18.537, 8.5, 8.5, 1, 13.49, 
13.5, 18.196, 24.29, 69.57, 70.636, 4.913, 1.238, 0.295, 0.295, , 8.071, 664.267, 664.267, 664.267, 67.1, 0, 0, 263.743, 213.057, 263.743, 213.057, 120.281, 120.281, 0.024, 0.032, 171.627, 138.642, 171.627, 138.642, 18.533, 8.5, 8.5, 1, 13.54, 
13.55, 18.196, 24.29, 69.57, 70.637, 4.895, 1.238, 0.297, 0.297, , 8.088, 661.903, 661.903, 661.903, 67.1, 0, 0, 263.338, 212.729, 263.338, 212.729, 120.524, 120.524, 0.024, 0.032, 171.017, 138.148, 171.017, 138.148, 18.529, 8.5, 8.5, 1, 13.59, 
13.6, 18.195, 24.29, 69.57, 70.638, 4.868, 1.238, 0.299, 0.299, , 8.104, 658.42, 658.42, 658.42, 67.1, 0, 0, 262.479, 212.035, 262.479, 212.035, 120.765, 120.765, 0.024, 0.032, 170.117, 137.421, 170.117, 137.421, 18.525, 8.5, 8.5, 1, 13.64, 
13.65, 18.194, 24.29, 69.57, 70.639, 4.578, 1.238, 0.3, 0.3, , 8.12, 620.354, 620.354, 620.354, 67.1, 0, 0, 247.71, 200.104, 247.71, 200.104, 121.008, 121.008, 0.024, 0.032, 160.282, 129.476, 160.282, 129.476, 18.493, 8.5, 8.5, 1, 13.69, 
13.7, 18.193, 24.29, 69.57, 70.64, 3.99, 1.238, 0.302, 0.302, , 8.135, 542.956, 542.956, 542.956, 67.1, 0, 0, 217.107, 175.382, 217.107, 175.382, 121.224, 121.224, 0.024, 0.032, 140.285, 113.322, 140.285, 113.322, 18.441, 8.5, 8.5, 1, 13.74, 
13.75, 18.192, 24.29, 69.57, 70.641, 2.839, 1.238, 0.304, 0.304, , 8.146, 391.419, 391.419, 391.419, 67.1, 0, 0, 156.62, 126.517, 156.62, 126.517, 121.396, 121.396, 0.024, 0.032, 101.134, 81.693, 101.134, 81.693, 18.389, 8.5, 8.5, 1, 13.79, 
13.8, 18.192, 24.29, 69.57, 70.642, 1.804, 1.238, 0.305, 0.305, , 8.154, 255.124, 255.124, 255.124, 67.1, 0, 0, 102.155, 82.52, 102.155, 82.52, 121.519, 121.519, 0.024, 0.032, 65.919, 53.247, 65.919, 53.247, 18.337, 8.5, 8.5, 1, 13.84, 
13.85, 18.191, 24.29, 69.57, 70.644, 0.824, 1.238, 0.307, 0.307, , 8.158, 126.126, 126.126, 126.126, 67.1, 0, 0, 50.544, 40.827, 50.544, 40.827, 121.577, 121.577, 0.024, 0.032, 32.59, 26.324, 32.59, 26.324, 18.276, 8.5, 8.5, 1, 13.89, 
13.9, 18.19, 24.29, 69.57, 70.645, -0.122, 1.238, 0.309, 0.309, , 8.159, 1.547, 1.547, 1.547, 67.1, 0, 0, 0.623, 0.5, 0.623, 0.5, 121.592, 121.592, 0.024, 0.032, 0.401, 0.323, 0.401, 0.323, 18.206, 8.5, 8.5, 1, 13.94, 
13.95, 18.189, 24.29, 69.57, 70.646, -0.685, 1.238, 0.31, 0.31, , 8.158, -72.518, -72.518, -72.518, 67.1, 0, 0, -29.104, -23.513, -29.104, -23.513, 121.574, 121.574, 0.024, 0.032, -18.735, -15.136, -18.735, -15.136, 18.137, 8.5, 8.5, 1, 13.99, 
14, 18.189, 24.29, 69.57, 70.647, -0.842, 1.238, 0.312, 0.312, , 8.155, -93.167, -93.167, -93.167, 67.1, 0, 0, -37.386, -30.203, -37.386, -30.203, 121.527, 121.527, 0.024, 0.033, -24.071, -19.446, -24.071, -19.446, 18.068, 8.5, 8.5, 1, 14.04, 
14.05, 18.188, 24.29, 69.57, 70.648, -0.695, 1.238, 0.314, 0.314, , 8.153, -73.882, -73.882, -73.882, 67.1, 0, 0, -29.632, -23.938, -29.632, -23.938, 121.492, 121.492, 0.024, 0.033, -19.09, -15.421, -19.09, -15.421, 18.066, 8.5, 8.5, 1, 14.09, 
14.1, 18.187, 24.29, 69.57, 70.649, -0.68, 1.238, 0.315, 0.315, , 8.15, -71.932, -71.932, -71.932, 67.1, 0, 0, -28.841, -23.299, -28.841, -23.299, 121.458, 121.458, 0.024, 0.032, -18.586, -15.015, -18.586, -15.015, 18.145, 8.5, 8.5, 1, 14.14, 
14.15, 18.186, 24.29, 69.57, 70.651, -0.68, 1.238, 0.317, 0.317, , 8.148, -71.891, -71.891, -71.891, 67.1, 0, 0, -28.816, -23.278, -28.816, -23.278, 121.424, 121.424, 0.024, 0.032, -18.575, -15.006, -18.575, -15.006, 18.223, 8.5, 8.5, 1, 14.19, 
14.2, 18.186, 24.29, 69.57, 70.652, -0.665, 1.238, 0.319, 0.319, , 8.146, -69.993, -69.993, -69.993, 67.1, 0, 0, -28.048, -22.658, -28.048, -22.658, 121.389, 121.389, 0.024, 0.032, -18.084, -14.609, -18.084, -14.609, 18.302, 8.5, 8.5, 1, 14.24, 
14.25, 18.185, 24.29, 69.57, 70.653, -0.61, 1.238, 0.32, 0.32, , 8.143, -62.722, -62.722, -62.722, 67.1, 0, 0, -25.129, -20.299, -25.129, -20.299, 121.356, 121.356, 0.024, 0.032, -16.205, -13.091, -16.205, -13.091, 18.395, 8.5, 8.5, 1, 14.29, 
14.3, 18.184, 24.29, 69.57, 70.654, -0.576, 1.238, 0.322, 0.322, , 8.141, -58.162, -58.162, -58.162, 67.1, 0, 0, -23.296, -18.817, -23.296, -18.817, 121.326, 121.326, 0.024, 0.032, -15.026, -12.139, -15.026, -12.139, 18.51, 8.5, 8.5, 1, 14.34, 
14.35, 18.183, 24.29, 69.57, 70.655, -0.564, 1.238, 0.324, 0.324, , 8.14, -56.679, -56.679, -56.679, 67.1, 0, 0, -22.696, -18.332, -22.696, -18.332, 121.298, 121.298, 0.024, 0.032, -14.643, -11.829, -14.643, -11.829, 18.625, 8.5, 8.5, 1, 14.39, 
14.4, 18.182, 24.29, 69.57, 70.656, -0.575, 1.238, 0.326, 0.326, , 8.138, -58.101, -58.101, -58.101, 67.1, 0, 0, -23.259, -18.786, -23.259, -18.786, 121.27, 121.27, 0.024, 0.032, -15.011, -12.124, -15.011, -12.124, 18.74, 8.5, 8.5, 1, 14.44, 
14.45, 18.182, 24.29, 69.57, 70.657, -0.59, 1.238, 0.327, 0.327, , 8.136, -60.083, -60.083, -60.083, 67.1, 0, 0, -24.046, -19.424, -24.046, -19.424, 121.241, 121.241, 0.024, 0.032, -15.524, -12.54, -15.524, -12.54, 18.809, 8.5, 8.5, 1, 14.49, 
14.5, 18.181, 24.29, 69.57, 70.659, -0.624, 1.238, 0.329, 0.329, , 8.134, -64.573, -64.573, -64.573, 67.1, 0, 0, -25.836, -20.871, -25.836, -20.871, 121.213, 121.213, 0.024, 0.032, -16.683, -13.478, -16.683, -13.478, 18.777, 8.5, 8.5, 1, 14.54, 
14.55, 18.18, 24.29, 69.57, 70.66, -0.657, 1.238, 0.331, 0.331, , 8.132, -68.926, -68.926, -68.926, 67.1, 0, 0, -27.571, -22.274, -27.571, -22.274, 121.179, 121.179, 0.024, 0.032, -17.807, -14.387, -17.807, -14.387, 18.746, 8.5, 8.5, 1, 14.59, 
14.6, , 24.29, 69.57, , -0.664, 1.238, 0.332, 0.332, , 8.129, -69.894, -69.894, -69.894, 67.1, 0, 0, -27.952, -22.582, -27.952, -22.582, 121.146, 121.146, 0.024, 0.032, -18.058, -14.589, -18.058, -14.589, 18.714, 8.5, 8.5, 1, 14.64, 
14.65, , 24.29, 69.57, , -0.914, 1.238, 0.334, 0.334, , 8.127, -102.778, -102.778, -102.778, 67.1, 0, 0, -41.071, -33.18, -41.071, -33.18, 121.109, 121.109, 0.024, 0.032, -26.553, -21.453, -26.553, -21.453, 18.672, 8.5, 8.5, 1, 14.69, 
14.7, , 24.29, 69.57, , -1.154, 1.238, 0.336, 0.336, , 8.123, -134.411, -134.411, -134.411, 67.1, 0, 0, -53.684, -43.368, -53.684, -43.368, 121.053, 121.053, 0.024, 0.033, -34.725, -28.056, -34.725, -28.056, 18.598, 8.5, 8.5, 1, 14.74, 
14.75, , 24.29, 69.57, , -1.338, 1.238, 0.337, 0.337, , 8.119, -158.568, -158.568, -158.568, 67.1, 0, 0, -63.304, -51.138, -63.304, -51.138, 120.989, 120.989, 0.024, 0.033, -40.967, -33.097, -40.967, -33.097, 18.524, 8.5, 8.5, 1, 14.79, 
14.8, , 24.29, 69.57, , -1.537, 1.238, 0.339, 0.339, , 8.114, -184.895, -184.895, -184.895, 67.1, 0, 0, -73.777, -59.599, -73.777, -59.599, 120.918, 120.918, 0.024, 0.033, -47.771, -38.592, -47.771, -38.592, 18.45, 8.5, 8.5, 1, 14.84, 
14.85, , 24.29, 69.57, , -1.753, 1.238, 0.341, 0.341, , 8.109, -213.254, -213.254, -213.254, 67.1, 0, 0, -85.052, -68.707, -85.052, -68.707, 120.839, 120.839, 0.024, 0.033, -55.099, -44.51, -55.099, -44.51, 18.391, 8.5, 8.5, 1, 14.89, 
14.9, , 24.29, 69.57, , -1.907, 1.238, 0.342, 0.342, , 8.102, -233.607, -233.607, -233.607, 67.1, 0, 0, -93.121, -75.225, -93.121, -75.225, 120.744, 120.744, 0.024, 0.033, -60.358, -48.758, -60.358, -48.758, 18.394, 8.5, 8.5, 1, 14.94, 
14.95, , 24.29, 69.57, , -1.815, 1.238, 0.344, 0.344, , 8.096, -221.526, -221.526, -221.526, 67.1, 0, 0, -88.229, -71.273, -88.229, -71.273, 120.651, 120.651, 0.024, 0.033, -57.237, -46.237, -57.237, -46.237, 18.396, 8.5, 8.5, 1, 14.99, 
15, , 24.29, 69.57, , -1.8, 1.238, 0.346, 0.346, , 8.09, -219.539, -219.539, -219.539, 67.1, 0, 0, -87.37, -70.58, -87.37, -70.58, 120.561, 120.561, 0.024, 0.033, -56.724, -45.821, -56.724, -45.821, 18.398, 8.5, 8.5, 1, 15.04, 
15.05, , 24.29, 69.57, , -1.804, 1.238, 0.347, 0.347, , 8.084, -220.079, -220.079, -220.079, 67.1, 0, 0, -87.521, -70.702, -87.521, -70.702, 120.471, 120.471, 0.024, 0.033, -56.864, -45.933, -56.864, -45.933, 18.4, 8.5, 8.5, 1, 15.09, 
15.1, , 24.29, 69.57, , -1.808, 1.238, 0.349, 0.349, , 8.078, -220.627, -220.627, -220.627, 67.1, 0, 0, -87.674, -70.825, -87.674, -70.825, 120.38, 120.38, 0.024, 0.033, -57.005, -46.048, -57.005, -46.048, 18.398, 8.5, 8.5, 1, 15.14, 
15.15, , 24.29, 69.57, , -1.804, 1.238, 0.351, 0.351, , 8.072, -220.154, -220.154, -220.154, 67.1, 0, 0, -87.42, -70.62, -87.42, -70.62, 120.289, 120.289, 0.024, 0.032, -56.883, -45.95, -56.883, -45.95, 18.395, 8.5, 8.5, 1, 15.19, 
15.2, , 24.29, 69.57, , -1.797, 1.238, 0.352, 0.352, , 8.066, -219.262, -219.262, -219.262, 67.1, 0, 0, -87, -70.281, -87, -70.281, 120.197, 120.197, 0.024, 0.032, -56.653, -45.764, -56.653, -45.764, 18.393, 8.5, 8.5, 1, 15.24, 
15.25, , 24.29, 69.57, , -1.79, 1.238, 0.354, 0.354, , 8.06, -218.366, -218.366, -218.366, 67.1, 0, 0, -86.584, -69.944, -86.584, -69.944, 120.107, 120.107, 0.024, 0.032, -56.421, -45.577, -56.421, -45.577, 18.391, 8.5, 8.5, 1, 15.29, 
15.3, , 24.29, 69.57, , -1.798, 1.238, 0.356, 0.356, , 8.055, -219.372, -219.372, -219.372, 67.1, 0, 0, -86.951, -70.24, -86.951, -70.24, 120.036, 120.036, 0.024, 0.032, -56.681, -45.788, -56.681, -45.788, 18.393, 8.5, 8.5, 1, 15.34, 
15.35, , 24.29, 69.57, , -1.804, 1.238, 0.357, 0.357, , 8.052, -220.136, -220.136, -220.136, 67.1, 0, 0, -87.222, -70.459, -87.222, -70.459, 119.99, 119.99, 0.024, 0.032, -56.878, -45.947, -56.878, -45.947, 18.395, 8.5, 8.5, 1, 15.39, 
15.4, , 24.29, 69.57, , -1.804, 1.238, 0.358, 0.358, , 8.049, -220.221, -220.221, -220.221, 67.1, 0, 0, -87.224, -70.459, -87.224, -70.459, 119.944, 119.944, 0.024, 0.032, -56.9, -45.965, -56.9, -45.965, 18.397, 8.5, 8.5, 1, 15.417, 
15.45, , , , , -1.794, , 0.358, 0.358, , 8.046, -218.939, -218.939, -218.939, 67.1, 0, 0, -86.685, -70.021, -86.685, -70.021, 119.898, 119.898, , , -56.567, -45.697, -56.567, -45.697, , 8.5, 8.5, 1, 15.442, 
15.5, , , , , , , 0.359, 0.359, , , , , , , 0, 0, , , , , , , , , , , , , , 8.5, 8.5, , 15.468, 
15.55, , , , , , , , , , , , , , , , , , , , , , , , , , , , , , 8.5, 8.5, , , 
