Time, (DWRT AFR) Air Pump ON, (DWRT AFR) Air/Fuel Ratio 1, (DWRT AFR) Air/Fuel Ratio 2, (DWRT AFR) Sensor Heater ON 1, (DWRT AFR) Sensor Heater ON 2, (DWRT AFR) Sensor Ready 1, (DWRT AFR) Sensor Ready 2, (DWRT ATMO) Humidity, (DWRT ATMO) Pressure, (DWRT ATMO) Temperature 1, (DWRT ATMO) Temperature 2, (DWRT CPU) Acceleration, (DWRT CPU) Ashcroft -14.7-45psi (Relative), (DWRT CPU) Correction Factor, (DWRT CPU) Distance, (DWRT CPU) Distance 1, (DWRT CPU) Engine RPM, (DWRT CPU) Force, (DWRT CPU) Force 1, (DWRT CPU) Force Drum 1, (DWRT CPU) Gear Ratio, (DWRT CPU) Link 0 Status, (DWRT CPU) Link 1 Status, (DWRT CPU) Power, (DWRT CPU) Power (uncorrected), (DWRT CPU) Power Drum 1, (DWRT CPU) Power Drum 1 (uncorrected), (DWRT CPU) Speed, (DWRT CPU) Speed 1, (DWRT CPU) TCP RX kB/s, (DWRT CPU) TCP TX kB/s, (DWRT CPU) Torque, (DWRT CPU) Torque (uncorrected), (DWRT CPU) Torque Drum 1, (DWRT CPU) Torque Drum 1 (uncorrected), (DWRT CPU) UDP RX kB/s, (DWRT CPU) User Analog 1, (Gen) Sampling, 
0, , , , , , , , , , , ,3.988, , , , , ,538.48,538.48,538.48, , , , , , , , , , , , , , , , , , , 
0.05, , , , , , , , , , , ,3.993, , , , , ,539.258,539.258,539.258, , , , , , , , , , , , , , , , , , , 
0.1, , , , , , , , , , , ,3.999, , , , , ,540.037,540.037,540.037, , , , , , , ,47.74,47.74, , , , , , , , , , 
0.15,0,14.721, ,1,0,1,0, , , , ,4.005, , , , ,2.991,540.815,540.815,540.815, , , , , , , ,48.037,48.037, , , , , , , , ,1, 
0.2,0,14.855, ,1,0,1,0, , , , ,4.032,0.343, ,0.001,0.001,3.013,544.521,544.521,544.521, ,0,0,87.877,70.562,87.877,70.562,48.335,48.335, , ,152.465,122.416,152.465,122.416, ,0.343,1, 
0.25,0,15.182, ,1,0,1,0, , , , ,4.09,0.335, ,0.002,0.002,3.032,552.269,552.269,552.269, ,0,0,89.442,71.818,89.442,71.818,48.633,48.633,0.034,0.046,154.511,124.06,154.511,124.06,6.499,0.335,1, 
0.3,0,15.494, ,1,0,1,0, , , , ,4.148,0.328, ,0.003,0.003,3.052,560.017,560.017,560.017,62.444,0,0,91.007,73.074,91.007,73.074,48.873,48.873,0.034,0.046,156.558,125.704,156.558,125.704,6.489,0.328,1, 
0.35,0,15.669, ,1,0,1,0, , , , ,4.206,0.318, ,0.005,0.005,3.072,567.765,567.765,567.765,62.449,0,0,92.572,74.329,92.572,74.329,49.08,49.08,0.034,0.046,158.604,127.348,158.604,127.348,6.479,0.318,1, 
0.4,0,15.758, ,1,0,1,0, , , , ,4.255,0.309, ,0.005,0.005,3.086,574.431,574.431,574.431,62.455,0,0,94.066,75.528,94.066,75.528,49.288,49.288,0.034,0.046,160.448,128.828,160.448,128.828,6.469,0.309,1, 
0.45,0,15.772, ,1,0,1,0, , , , ,4.304,0.309, ,0.006,0.006,3.1,580.95,580.95,580.95,62.461,0,0,95.55,76.719,95.55,76.719,49.496,49.496,0.034,0.046,162.264,130.287,162.264,130.287,6.473,0.309,1, 
0.5,0,15.812, ,1,0,1,0, , , , ,4.353,0.309, ,0.007,0.007,3.113,587.469,587.469,587.469,62.466,0,0,97.034,77.91,97.034,77.91,49.714,49.714,0.034,0.046,164.08,131.745,164.08,131.745,6.519,0.309,1, 
0.55,0,15.872, ,1,0,1,0, ,24.45,80.82, ,4.405,0.312,1.245,0.007,0.007,3.127,594.464,594.464,594.464,62.472,0,0,98.617,79.181,98.617,79.181,49.933,49.933,0.034,0.046,166.026,133.307,166.026,133.307,6.565,0.312,1, 
0.6,0,15.841, ,1,0,1,0, ,24.45,80.816, ,4.462,0.314,1.245,0.008,0.008,3.141,602.173,602.173,602.173,62.478,0,0,100.349,80.572,100.349,80.572,50.151,50.151,0.034,0.046,168.165,135.025,168.165,135.025,6.611,0.314,1, 
0.65,0,15.832, ,1,0,1,0, ,24.45,80.812, ,4.52,0.311,1.245,0.009,0.009,3.155,609.882,609.882,609.882,62.483,0,0,102.08,81.963,102.08,81.963,50.375,50.375,0.034,0.046,170.305,136.743,170.305,136.743,6.657,0.311,1, 
0.7,0,15.828, ,1,0,1,0, ,24.45,80.807, ,4.578,0.309,1.245,0.009,0.009,3.17,617.592,617.592,617.592,62.487,0,0,103.811,83.354,103.811,83.354,50.603,50.603,0.034,0.046,172.444,138.461,172.444,138.461,6.692,0.309,1, 
0.75,0,15.752, ,1,0,1,0, ,24.45,80.803, ,4.633,0.309,1.245,0.01,0.01,3.184,625.032,625.032,625.032,62.492,0,0,105.551,84.752,105.551,84.752,50.831,50.831,0.034,0.046,174.539,140.143,174.539,140.143,6.728,0.309,1, 
0.8,0,15.685, ,1,0,1,0, ,24.45,80.799, ,4.688,0.309,1.245,0.011,0.011,3.198,632.461,632.461,632.461,62.493,0,0,107.293,86.15,107.293,86.15,51.061,51.061,0.034,0.046,176.633,141.824,176.633,141.824,6.764,0.309,1, 
0.85,0,15.65, ,1,0,1,0, ,24.45,80.795, ,4.744,0.314,1.245,0.012,0.012,3.212,639.89,639.89,639.89,62.484,0,0,109.034,87.548,109.034,87.548,51.296,51.296,0.034,0.046,178.726,143.504,178.726,143.504,6.796,0.314,1, 
0.9,0,15.613, ,1,0,1,0, ,24.45,80.79, ,4.795,0.319,1.245,0.012,0.012,3.226,646.778,646.778,646.778,62.475,0,0,110.716,88.898,110.716,88.898,51.531,51.531,0.034,0.046,180.661,145.057,180.661,145.057,6.805,0.319,1, 
0.95,0,15.567, ,1,0,1,0, ,24.45,80.786, ,4.844,0.331,1.245,0.013,0.013,3.241,653.275,653.275,653.275,62.466,0,0,112.356,90.215,112.356,90.215,51.766,51.766,0.034,0.046,182.482,146.518,182.482,146.518,6.815,0.331,1, 
1,0,15.506, ,1,0,1,0,15.819,24.45,80.782,81.028,4.892,0.344,1.245,0.014,0.014,3.256,659.772,659.772,659.772,62.469,0,0,113.996,91.531,113.996,91.531,52.01,52.01,0.034,0.046,184.303,147.979,184.303,147.979,6.824,0.344,1, 
1.05,0,15.498, ,1,0,1,0,15.818,24.45,80.778,81.026,4.942,0.349,1.245,0.014,0.014,3.272,666.427,666.427,666.427,62.474,0,0,115.678,92.881,115.678,92.881,52.253,52.253,0.034,0.046,186.151,149.463,186.151,149.463,6.827,0.349,1, 
1.1,0,15.492, ,1,0,1,0,15.817,24.45,80.774,81.023,4.995,0.354,1.245,0.015,0.015,3.289,673.533,673.533,673.533,62.478,0,0,117.48,94.328,117.48,94.328,52.497,52.497,0.034,0.046,188.08,151.011,188.08,151.011,6.785,0.354,1, 
1.15,0,15.496, ,1,0,1,0,15.816,24.45,80.769,81.02,5.048,0.354,1.245,0.016,0.016,3.306,680.638,680.638,680.638,62.491,0,0,119.282,95.774,119.282,95.774,52.748,52.748,0.034,0.046,190.008,152.56,190.008,152.56,6.743,0.354,1, 
1.2,0,15.473, ,1,0,1,0,15.815,24.45,80.765,81.018,5.101,0.354,1.245,0.017,0.017,3.323,687.743,687.743,687.743,62.51,0,0,121.084,97.221,121.084,97.221,53.002,53.002,0.034,0.046,191.936,154.109,191.936,154.109,6.701,0.354,1, 
1.25,0,15.45, ,1,0,1,0,15.814,24.45,80.761,81.015,5.161,0.345,1.245,0.018,0.018,3.339,695.76,695.76,695.76,62.528,0,0,123.107,98.845,123.107,98.845,53.257,53.257,0.034,0.046,194.133,155.872,194.133,155.872,6.662,0.345,1, 
1.3,0,15.362, ,1,0,1,0,15.812,24.45,80.757,81.012,5.221,0.335,1.245,0.019,0.019,3.356,703.796,703.796,703.796,62.542,0,0,125.135,100.472,125.135,100.472,53.515,53.515,0.034,0.046,196.335,157.639,196.335,157.639,6.683,0.335,1, 
1.35,0,15.324, ,1,0,1,0,15.811,24.45,80.753,81.01,5.281,0.329,1.245,0.019,0.019,3.372,711.831,711.831,711.831,62.548,0,0,127.163,102.099,127.163,102.099,53.779,53.779,0.034,0.046,198.537,159.406,198.537,159.406,6.704,0.329,1, 
1.4,0,15.195, ,1,0,1,0,15.81,24.45,80.748,81.007,5.34,0.324,1.245,0.02,0.02,3.389,719.777,719.777,719.777,62.555,0,0,129.224,103.753,129.224,103.753,54.043,54.043,0.034,0.046,200.728,161.166,200.728,161.166,6.725,0.324,1, 
1.45,0,15.157, ,1,0,1,0,15.809,24.45,80.744,81.004,5.399,0.32,1.245,0.021,0.021,3.406,727.693,727.693,727.693,62.561,0,0,131.295,105.415,131.295,105.415,54.308,54.308,0.034,0.046,202.917,162.924,202.917,162.924,6.747,0.32,1, 
1.5,0,15.09, ,1,0,1,0,15.808,24.45,80.74,81.002,5.458,0.315,1.245,0.022,0.022,3.423,735.61,735.61,735.61,62.567,0,0,133.365,107.077,133.365,107.077,54.579,54.579,0.034,0.046,205.106,164.682,205.106,164.682,6.812,0.315,1, 
1.55,0,15.051, ,1,0,1,0,15.807,24.45,80.736,80.999,5.515,0.314,1.245,0.022,0.022,3.443,743.199,743.199,743.199,62.574,0,0,135.415,108.722,135.415,108.722,54.849,54.849,0.034,0.046,207.2,166.364,207.2,166.364,6.876,0.314,1, 
1.6,0,14.991, ,1,0,1,0,15.806,24.45,80.731,80.996,5.569,0.314,1.245,0.023,0.023,3.465,750.55,750.55,750.55,62.58,0,0,137.448,110.355,137.448,110.355,55.12,55.12,0.034,0.046,209.226,167.993,209.226,167.993,6.941,0.314,1, 
1.65,0,14.977, ,1,0,1,0,15.804,24.45,80.727,80.994,5.624,0.314,1.245,0.024,0.024,3.482,757.9,757.9,757.9,62.586,0,0,139.482,111.988,139.482,111.988,55.401,55.401,0.034,0.046,211.251,169.621,211.251,169.621,7.005,0.314,1, 
1.7,0,14.88, ,1,0,1,0,15.803,24.45,80.723,80.991,5.677,0.314,1.245,0.025,0.025,3.5,764.96,764.96,764.96,62.593,0,0,141.49,113.601,141.49,113.601,55.681,55.681,0.034,0.046,213.196,171.183,213.196,171.183,7.028,0.314,1, 
1.75,0,14.834, ,1,0,1,0,15.802,24.45,80.719,80.988,5.727,0.312,1.245,0.025,0.025,3.519,771.678,771.678,771.678,62.599,0,0,143.469,115.19,143.469,115.19,55.962,55.962,0.034,0.046,215.047,172.669,215.047,172.669,7.05,0.312,1, 
1.8,0,14.806, ,1,0,1,0,15.801,24.45,80.715,80.986,5.777,0.31,1.245,0.026,0.026,3.537,778.395,778.395,778.395,62.606,0,0,145.448,116.78,145.448,116.78,56.249,56.249,0.034,0.046,216.898,174.154,216.898,174.154,7.071,0.31,1, 
1.85,0,14.73, ,1,0,1,0,15.8,24.45,80.71,80.983,5.826,0.307,1.245,0.027,0.027,3.555,785.039,785.039,785.039,62.612,0,0,147.434,118.375,147.434,118.375,56.536,56.536,0.034,0.046,218.727,175.622,218.727,175.622,7.092,0.307,1, 
1.9,0,14.667, ,1,0,1,0,15.799,24.45,80.71,80.98,5.875,0.305,1.245,0.028,0.028,3.574,791.562,791.562,791.562,62.619,0,0,149.43,119.98,149.43,119.98,56.824,56.824,0.034,0.046,220.521,177.063,220.521,177.063,7.075,0.305,1, 
1.95,0,14.638, ,1,0,1,0,15.798,24.45,80.71,80.977,5.924,0.302,1.245,0.029,0.029,3.593,798.085,798.085,798.085,62.626,0,0,151.427,121.586,151.427,121.586,57.118,57.118,0.034,0.046,222.316,178.504,222.316,178.504,7.051,0.302,1, 
2,0,14.601, ,1,0,1,0,15.796,24.45,80.71,80.975,5.971,0.3,1.245,0.029,0.029,3.611,804.504,804.504,804.504,62.632,0,0,153.424,123.191,153.424,123.191,57.413,57.413,0.034,0.046,224.08,179.921,224.08,179.921,7.028,0.3,1, 
2.05,0,14.57, ,1,0,1,0,15.795,24.45,80.71,80.972,6.018,0.299,1.245,0.03,0.03,3.631,810.72,810.72,810.72,62.639,0,0,155.423,124.797,155.423,124.797,57.708,57.708,0.034,0.046,225.787,181.29,225.787,181.29,7.004,0.299,1, 
2.1,0,14.556, ,1,0,1,0,15.794,24.45,80.71,80.969,6.064,0.299,1.245,0.031,0.031,3.65,816.936,816.936,816.936,62.644,0,0,157.421,126.402,157.421,126.402,58.009,58.009,0.034,0.046,227.493,182.659,227.493,182.659,7.021,0.299,1, 
2.15,0,14.552, ,1,0,1,0,15.793,24.45,80.71,80.967,6.109,0.299,1.245,0.032,0.032,3.669,822.996,822.996,822.996,62.649,0,0,159.409,127.999,159.409,127.999,58.311,58.311,0.034,0.046,229.157,183.994,229.157,183.994,7.055,0.299,1, 
2.2,0,14.544, ,1,0,1,0,15.792,24.45,80.71,80.964,6.152,0.299,1.245,0.033,0.033,3.688,828.777,828.777,828.777,62.654,0,0,161.378,129.579,161.378,129.579,58.614,58.614,0.034,0.046,230.748,185.27,230.748,185.27,7.089,0.299,1, 
2.25,0,14.558, ,1,0,1,0,15.791,24.45,80.71,80.961,6.195,0.301,1.245,0.033,0.033,3.707,834.557,834.557,834.557,62.658,0,0,163.348,131.159,163.348,131.159,58.921,58.921,0.034,0.046,232.338,186.545,232.338,186.545,7.123,0.301,1, 
2.3,0,14.545, ,1,0,1,0,15.79,24.45,80.71,80.959,6.235,0.303,1.245,0.034,0.034,3.727,839.865,839.865,839.865,62.661,0,0,165.242,132.679,165.242,132.679,59.229,59.229,0.034,0.046,233.797,187.717,233.797,187.717,7.155,0.303,1, 
2.35,0,14.521, ,1,0,1,0,15.789,24.45,80.71,80.958,6.269,0.309,1.245,0.035,0.035,3.747,844.52,844.52,844.52,62.665,0,0,167.034,134.117,167.034,134.117,59.538,59.538,0.034,0.046,235.077,188.744,235.077,188.744,7.185,0.309,1, 
2.4,0,14.513, ,1,0,1,0,15.788,24.45,80.71,80.956,6.304,0.317,1.245,0.036,0.036,3.767,849.176,849.176,849.176,62.67,0,0,168.825,135.555,168.825,135.555,59.852,59.852,0.034,0.046,236.356,189.772,236.356,189.772,7.216,0.317,1, 
2.45,0,14.534, ,1,0,1,0,15.787,24.45,80.71,80.955,6.335,0.327,1.245,0.037,0.037,3.787,853.332,853.332,853.332,62.675,0,0,170.539,136.931,170.539,136.931,60.167,60.167,0.034,0.046,237.494,190.685,237.494,190.685,7.246,0.327,1, 
2.5,0,14.531, ,1,0,1,0,15.787,24.45,80.71,80.953,6.362,0.34,1.245,0.037,0.037,3.807,857.027,857.027,857.027,62.681,0,0,172.182,138.249,172.182,138.249,60.482,60.482,0.034,0.046,238.501,191.493,238.501,191.493,7.282,0.34,1, 
2.55,0,14.566, ,1,0,1,0,15.786,24.45,80.71,80.952,6.389,0.35,1.245,0.038,0.038,3.827,860.722,860.722,860.722,62.686,0,0,173.824,139.568,173.824,139.568,60.799,60.799,0.034,0.046,239.508,192.301,239.508,192.301,7.32,0.35,1, 
2.6,0,14.591, ,1,0,1,0,15.785,24.45,80.71,80.95,6.412,0.36,1.245,0.039,0.039,3.847,863.752,863.752,863.752,62.691,0,0,175.347,140.789,175.347,140.789,61.115,61.115,0.034,0.046,240.329,192.96,240.329,192.96,7.359,0.36,1, 
2.65,0,14.586, ,1,0,1,0,15.784,24.45,80.71,80.949,6.432,0.364,1.245,0.04,0.04,3.868,866.468,866.468,866.468,62.696,0,0,176.813,141.965,176.813,141.965,61.434,61.434,0.034,0.046,241.063,193.549,241.063,193.549,7.397,0.364,1, 
2.7,0,14.537, ,1,0,1,0,15.784,24.45,80.71,80.947,6.452,0.364,1.245,0.041,0.041,3.888,869.185,869.185,869.185,62.702,0,0,178.28,143.14,178.28,143.14,61.756,61.756,0.034,0.046,241.797,194.138,241.797,194.138,7.431,0.364,1, 
2.75,0,14.523, ,1,0,1,0,15.783,24.45,80.71,80.945,6.466,0.361,1.245,0.042,0.042,3.908,871.1,871.1,871.1,62.707,0,0,179.601,144.201,179.601,144.201,62.078,62.078,0.034,0.046,242.311,194.55,242.311,194.55,7.458,0.361,1, 
2.8,0,14.48, ,1,0,1,0,15.782,24.45,80.71,80.944,6.479,0.356,1.245,0.042,0.042,3.929,872.884,872.884,872.884,62.713,0,0,180.898,145.242,180.898,145.242,62.399,62.399,0.034,0.046,242.79,194.934,242.79,194.934,7.486,0.356,1, 
2.85,0,14.439, ,1,0,1,0,15.781,24.45,80.71,80.942,6.492,0.351,1.245,0.043,0.043,3.955,874.665,874.665,874.665,62.718,0,0,182.196,146.285,182.196,146.285,62.72,62.72,0.034,0.046,243.267,195.318,243.267,195.318,7.514,0.351,1, 
2.9,0,14.397, ,1,0,1,0,15.78,24.45,80.71,80.941,6.505,0.346,1.245,0.044,0.044,3.976,876.419,876.419,876.419,62.723,0,0,183.507,147.339,183.507,147.339,63.04,63.04,0.034,0.046,243.736,195.697,243.736,195.697,7.527,0.346,1, 
2.95,0,14.372, ,1,0,1,0,15.78,24.45,80.71,80.939,6.518,0.344,1.245,0.045,0.045,3.996,878.173,878.173,878.173,62.729,0,0,184.817,148.392,184.817,148.392,63.363,63.363,0.034,0.046,244.204,196.075,244.204,196.075,7.531,0.344,1, 
3,0,14.324, ,1,0,1,0,15.779,24.45,80.71,80.938,6.529,0.344,1.245,0.046,0.046,4.017,879.752,879.752,879.752,62.735,0,0,186.095,149.419,186.095,149.419,63.687,63.687,0.034,0.046,244.624,196.414,244.624,196.414,7.536,0.344,1, 
3.05,0,14.302, ,1,0,1,0,15.778,24.45,80.71,80.936,6.539,0.344,1.245,0.047,0.047,4.037,881.046,881.046,881.046,62.74,0,0,187.319,150.402,187.319,150.402,64.011,64.011,0.034,0.046,244.965,196.688,244.965,196.688,7.54,0.344,1, 
3.1,0,14.291, ,1,0,1,0,15.777,24.45,80.71,80.935,6.548,0.344,1.245,0.048,0.048,4.058,882.341,882.341,882.341,62.744,0,0,188.543,151.385,188.543,151.385,64.336,64.336,0.034,0.046,245.306,196.962,245.306,196.962,7.551,0.344,1, 
3.15,0,14.282, ,1,0,1,0,15.777,24.45,80.71,80.933,6.556,0.341,1.245,0.049,0.049,4.079,883.444,883.444,883.444,62.748,0,0,189.735,152.342,189.735,152.342,64.661,64.661,0.034,0.046,245.594,197.193,245.594,197.193,7.574,0.341,1, 
3.2,0,14.269, ,1,0,1,0,15.776,24.45,80.71,80.932,6.563,0.336,1.245,0.05,0.05,4.099,884.457,884.457,884.457,62.751,0,0,190.912,153.285,190.912,153.285,64.987,64.987,0.034,0.046,245.857,197.404,245.857,197.404,7.597,0.336,1, 
3.25,0,14.27, ,1,0,1,0,15.775,24.45,80.71,80.93,6.571,0.334,1.245,0.05,0.05,4.12,885.485,885.485,885.485,62.755,0,0,192.092,154.232,192.092,154.232,65.317,65.317,0.034,0.046,246.124,197.618,246.124,197.618,7.62,0.334,1, 
3.3,0,14.283, ,1,0,1,0,15.774,24.45,80.71,80.929,6.583,0.334,1.245,0.051,0.051,4.141,887.253,887.253,887.253,62.759,0,0,193.441,155.316,193.441,155.316,65.648,65.648,0.034,0.046,246.598,197.999,246.598,197.999,7.643,0.334,1, 
3.35,0,14.305, ,1,0,1,0,15.774,24.45,80.71,80.927,6.596,0.334,1.245,0.052,0.052,4.161,889.02,889.02,889.02,62.763,0,0,194.79,156.4,194.79,156.4,65.975,65.975,0.034,0.046,247.071,198.381,247.071,198.381,7.667,0.334,1, 
3.4,0,14.333, ,1,0,1,0,15.773,24.45,80.71,80.926,6.609,0.334,1.245,0.053,0.053,4.182,890.776,890.776,890.776,62.767,0,0,196.143,157.486,196.143,157.486,66.301,66.301,0.034,0.046,247.542,198.76,247.542,198.76,7.69,0.334,1, 
3.45,0,14.364, ,1,0,1,0,15.772,24.45,80.71,80.924,6.622,0.336,1.245,0.054,0.054,4.203,892.516,892.516,892.516,62.77,0,0,197.499,158.578,197.499,158.578,66.628,66.628,0.034,0.046,248.009,199.134,248.009,199.134,7.714,0.336,1, 
3.5,0,14.404, ,1,0,1,0,15.771,24.45,80.71,80.922,6.635,0.341,1.245,0.055,0.055,4.224,894.257,894.257,894.257,62.772,0,0,198.856,159.669,198.856,159.669,66.958,66.958,0.034,0.046,248.476,199.508,248.476,199.508,7.743,0.341,1, 
3.55,0,14.407, ,1,0,1,0,15.77,24.45,80.71,80.921,6.643,0.342,1.245,0.056,0.056,4.245,895.43,895.43,895.43,62.774,0,0,200.101,160.667,200.101,160.667,67.288,67.288,0.034,0.046,248.789,199.759,248.789,199.759,7.786,0.342,1, 
3.6,0,14.416, ,1,0,1,0,15.769,24.45,80.71,80.92,6.651,0.337,1.245,0.057,0.057,4.266,896.48,896.48,896.48,62.777,0,0,201.321,161.646,201.321,161.646,67.618,67.618,0.034,0.046,249.069,199.983,249.069,199.983,7.829,0.337,1, 
3.65,0,14.431, ,1,0,1,0,15.767,24.45,80.71,80.92,6.657,0.332,1.245,0.058,0.058,4.286,897.329,897.329,897.329,62.781,0,0,202.498,162.589,202.498,162.589,67.946,67.946,0.034,0.046,249.294,200.164,249.294,200.164,7.872,0.332,1, 
3.7,0,14.457, ,1,0,1,0,15.765,24.45,80.71,80.92,6.659,0.327,1.245,0.059,0.059,4.307,897.667,897.667,897.667,62.785,0,0,203.561,163.442,203.561,163.442,68.275,68.275,0.034,0.046,249.379,200.234,249.379,200.234,7.905,0.327,1, 
3.75,0,14.452, ,1,0,1,0,15.764,24.45,80.71,80.92,6.661,0.322,1.245,0.06,0.06,4.328,898.004,898.004,898.004,62.789,0,0,204.625,164.295,204.625,164.295,68.607,68.607,0.034,0.046,249.465,200.303,249.465,200.303,7.922,0.322,1, 
3.8,0,14.442, ,1,0,1,0,15.762,24.45,80.71,80.92,6.664,0.317,1.245,0.061,0.061,4.349,898.492,898.492,898.492,62.793,0,0,205.724,165.178,205.724,165.178,68.939,68.939,0.034,0.046,249.593,200.405,249.593,200.405,7.939,0.317,1, 
3.85,0,14.406, ,1,0,1,0,15.76,24.45,80.71,80.92,6.668,0.316,1.245,0.061,0.061,4.37,899.028,899.028,899.028,62.796,0,0,206.834,166.07,206.834,166.07,69.27,69.27,0.034,0.046,249.735,200.517,249.735,200.517,7.956,0.316,1, 
3.9,0,14.39, ,1,0,1,0,15.758,24.45,80.71,80.92,6.672,0.321,1.245,0.062,0.062,4.391,899.618,899.618,899.618,62.798,0,0,207.957,166.973,207.957,166.973,69.601,69.601,0.034,0.046,249.892,200.641,249.892,200.641,7.974,0.321,1, 
3.95,0,14.37, ,1,0,1,0,15.756,24.45,80.71,80.92,6.677,0.324,1.245,0.063,0.063,4.412,900.36,900.36,900.36,62.8,0,0,209.12,167.908,209.12,167.908,69.935,69.935,0.034,0.046,250.091,200.8,250.091,200.8,7.993,0.324,1, 
4,0,14.356, ,1,0,1,0,15.754,24.45,80.71,80.92,6.683,0.324,1.245,0.064,0.064,4.433,901.102,901.102,901.102,62.803,0,0,210.282,168.843,210.282,168.843,70.432,70.432,0.034,0.046,250.29,200.958,250.29,200.958,8.012,0.324,1, 
4.05,0,14.34, ,1,0,1,0,15.752,24.45,80.71,80.92,6.682,0.324,1.245,0.066,0.066,4.459,901.057,901.057,901.057,62.806,0,0,211.663,169.95,211.663,169.95,70.928,70.928,0.034,0.046,250.269,200.942,250.269,200.942,8.031,0.324,1, 
4.1,0,14.36, ,1,0,1,0,15.75,24.45,80.71,80.92,6.679,0.324,1.245,0.067,0.067,4.48,900.816,900.816,900.816,62.807,0,0,213.097,171.1,213.097,171.1,71.328,71.328,0.034,0.046,250.194,200.881,250.194,200.881,8.057,0.324,1, 
4.15,0,14.407, ,1,0,1,0,15.748,24.45,80.71,80.92,6.678,0.323,1.245,0.068,0.068,4.501,900.73,900.73,900.73,62.809,0,0,214.376,172.126,214.376,172.126,71.659,71.659,0.034,0.046,250.162,200.856,250.162,200.856,8.11,0.323,1, 
4.2,0,14.407, ,1,0,1,0,15.746,24.45,80.71,80.92,6.679,0.318,1.245,0.069,0.069,4.522,900.897,900.897,900.897,62.81,0,0,215.401,172.948,215.401,172.948,71.99,71.99,0.034,0.046,250.204,200.891,250.204,200.891,8.162,0.318,1, 
4.25,0,14.404, ,1,0,1,0,15.744,24.45,80.71,80.92,6.68,0.314,1.245,0.07,0.07,4.542,901.063,901.063,901.063,62.812,0,0,216.426,173.77,216.426,173.77,72.322,72.322,0.034,0.046,250.245,200.925,250.245,200.925,8.215,0.314,1, 
4.3,0,14.437, ,1,0,1,0,15.742,24.45,80.71,80.92,6.683,0.314,1.245,0.071,0.071,4.563,901.458,901.458,901.458,62.813,0,0,217.516,174.647,217.516,174.647,72.654,72.654,0.034,0.046,250.348,201.009,250.348,201.009,8.262,0.314,1, 
4.35,0,14.454, ,1,0,1,0,15.741,24.45,80.71,80.92,6.685,0.314,1.245,0.072,0.072,4.584,901.862,901.862,901.862,62.814,0,0,218.609,175.525,218.609,175.525,72.983,72.983,0.034,0.046,250.454,201.096,250.454,201.096,8.293,0.314,1, 
4.4,0,14.419, ,1,0,1,0,15.739,24.45,80.71,80.92,6.689,0.314,1.245,0.073,0.073,4.605,902.343,902.343,902.343,62.816,0,0,219.717,176.416,219.717,176.416,73.313,73.313,0.034,0.046,250.581,201.198,250.581,201.198,8.324,0.314,1, 
4.45,0,14.423, ,1,0,1,0,15.737,24.45,80.71,80.92,6.692,0.314,1.245,0.074,0.074,4.626,902.875,902.875,902.875,62.818,0,0,220.834,177.314,220.834,177.314,73.643,73.643,0.034,0.046,250.723,201.311,250.723,201.311,8.356,0.314,1, 
4.5,0,14.428, ,1,0,1,0,15.735,24.45,80.71,80.92,6.696,0.314,1.245,0.075,0.075,4.647,903.392,903.392,903.392,62.821,0,0,221.95,178.211,221.95,178.211,73.977,73.977,0.034,0.046,250.859,201.42,250.859,201.42,8.386,0.314,1, 
4.55,0,14.404, ,1,0,1,0,15.733,24.45,80.71,80.92,6.699,0.314,1.245,0.076,0.076,4.668,903.857,903.857,903.857,62.823,0,0,223.061,179.103,223.061,179.103,74.31,74.31,0.034,0.046,250.981,201.518,250.981,201.518,8.407,0.314,1, 
4.6,0,14.373, ,1,0,1,0,15.731,24.45,80.71,80.92,6.702,0.314,1.245,0.077,0.077,4.689,904.323,904.323,904.323,62.825,0,0,224.171,179.995,224.171,179.995,74.64,74.64,0.034,0.046,251.104,201.616,251.104,201.616,8.428,0.314,1, 
4.65,0,14.381, ,1,0,1,0,15.729,24.45,80.71,80.92,6.704,0.315,1.245,0.078,0.078,4.71,904.655,904.655,904.655,62.826,0,0,225.252,180.863,225.252,180.863,74.971,74.971,0.034,0.046,251.191,201.685,251.191,201.685,8.449,0.315,1, 
4.7,0,14.351, ,1,0,1,0,15.727,24.45,80.71,80.92,6.706,0.32,1.245,0.079,0.079,4.731,904.975,904.975,904.975,62.828,0,0,226.33,181.728,226.33,181.728,75.301,75.301,0.034,0.046,251.275,201.751,251.275,201.751,8.469,0.32,1, 
4.75,0,14.357, ,1,0,1,0,15.725,24.45,80.71,80.92,6.711,0.325,1.245,0.08,0.08,4.752,905.718,905.718,905.718,62.829,0,0,227.519,182.682,227.519,182.682,75.632,75.632,0.034,0.046,251.477,201.914,251.477,201.914,8.487,0.325,1, 
4.8,0,14.349, ,1,0,1,0,15.723,24.45,80.71,80.92,6.719,0.33,1.245,0.081,0.081,4.773,906.719,906.719,906.719,62.83,0,0,228.774,183.691,228.774,183.691,75.964,75.964,0.034,0.046,251.752,202.134,251.752,202.134,8.505,0.33,1, 
4.85,0,14.364, ,1,0,1,0,15.721,24.45,80.71,80.92,6.725,0.335,1.245,0.082,0.082,4.794,907.666,907.666,907.666,62.83,0,0,230.018,184.69,230.018,184.69,76.299,76.299,0.034,0.046,252.012,202.343,252.012,202.343,8.523,0.335,1, 
4.9,0,14.343, ,1,0,1,0,15.72,24.45,80.71,80.92,6.731,0.345,1.245,0.083,0.083,4.815,908.509,908.509,908.509,62.83,0,0,231.238,185.669,231.238,185.669,76.634,76.634,0.034,0.046,252.242,202.527,252.242,202.527,8.539,0.345,1, 
4.95,0,14.345, ,1,0,1,0,15.719,24.45,80.71,80.92,6.737,0.354,1.245,0.084,0.084,4.836,909.381,909.381,909.381,62.832,0,0,232.466,186.655,232.466,186.655,76.968,76.968,0.034,0.046,252.48,202.718,252.48,202.718,8.543,0.354,1, 
5,0,14.317, ,1,0,1,0,15.717,24.45,80.71,80.92,6.746,0.354,1.245,0.085,0.085,4.857,910.606,910.606,910.606,62.833,0,0,233.787,187.716,233.787,187.716,77.303,77.303,0.034,0.046,252.807,202.98,252.807,202.98,8.546,0.354,1, 
5.05,0,14.31, ,1,0,1,0,15.716,24.45,80.71,80.92,6.755,0.354,1.245,0.086,0.086,4.878,911.831,911.831,911.831,62.836,0,0,235.109,188.777,235.109,188.777,77.638,77.638,0.034,0.046,253.134,203.241,253.134,203.241,8.55,0.354,1, 
5.1,0,14.239, ,1,0,1,0,15.715,24.45,80.71,80.92,6.757,0.354,1.245,0.087,0.087,4.9,912.163,912.163,912.163,62.839,0,0,236.21,189.661,236.21,189.661,77.973,77.973,0.034,0.046,253.211,203.304,253.211,203.304,8.554,0.354,1, 
5.15,0,14.201, ,1,0,1,0,15.714,24.45,80.71,80.92,6.758,0.353,1.245,0.088,0.088,4.921,912.325,912.325,912.325,62.842,0,0,237.269,190.511,237.269,190.511,78.308,78.308,0.034,0.046,253.24,203.328,253.24,203.328,8.586,0.353,1, 
5.2,0,14.164, ,1,0,1,0,15.713,24.45,80.71,80.92,6.756,0.349,1.245,0.09,0.09,4.942,912.108,912.108,912.108,62.845,0,0,238.223,191.276,238.223,191.276,78.643,78.643,0.034,0.046,253.166,203.269,253.166,203.269,8.625,0.349,1, 
5.25,0,14.136, ,1,0,1,0,15.712,24.45,80.71,80.92,6.752,0.344,1.245,0.091,0.091,4.968,911.678,911.678,911.678,62.848,0,0,239.119,191.994,239.119,191.994,78.977,78.977,0.034,0.045,253.034,203.163,253.034,203.163,8.664,0.344,1, 
5.3,0,14.115, ,1,0,1,0,15.71,24.45,80.71,80.92,6.748,0.349,1.245,0.092,0.092,4.99,911.086,911.086,911.086,62.851,0,0,239.974,192.68,239.974,192.68,79.312,79.312,0.034,0.045,252.86,203.024,252.86,203.024,8.703,0.349,1, 
5.35,0,14.114, ,1,0,1,0,15.709,24.45,80.71,80.92,6.741,0.354,1.245,0.093,0.093,5.011,910.29,910.29,910.29,62.854,0,0,240.778,193.326,240.778,193.326,79.647,79.647,0.034,0.045,252.633,202.843,252.633,202.843,8.734,0.354,1, 
5.4,0,14.081, ,1,0,1,0,15.708,24.45,80.71,80.92,6.735,0.354,1.245,0.094,0.094,5.032,909.442,909.442,909.442,62.855,0,0,241.564,193.956,241.564,193.956,79.98,79.98,0.034,0.045,252.394,202.652,252.394,202.652,8.764,0.354,1, 
5.45,0,14.068, ,1,0,1,0,15.707,24.45,80.71,80.92,6.727,0.354,1.245,0.095,0.095,5.053,908.46,908.46,908.46,62.857,0,0,242.303,194.549,242.303,194.549,80.313,80.313,0.034,0.045,252.12,202.433,252.12,202.433,8.794,0.354,1, 
5.5,0,14.05, ,1,0,1,0,15.706,24.45,80.71,80.92,6.719,0.354,1.245,0.096,0.096,5.073,907.466,907.466,907.466,62.859,0,0,243.038,195.138,243.038,195.138,80.643,80.643,0.034,0.045,251.844,202.211,251.844,202.211,8.825,0.354,1, 
5.55,0,13.995, ,1,0,1,0,15.705,24.45,80.71,80.92,6.71,0.354,1.245,0.097,0.097,5.094,906.375,906.375,906.375,62.86,0,0,243.74,195.702,243.74,195.702,80.973,80.973,0.034,0.045,251.542,201.97,251.542,201.97,8.862,0.354,1, 
5.6,0,13.967, ,1,0,1,0,15.704,24.45,80.71,80.92,6.702,0.344,1.245,0.098,0.098,5.115,905.285,905.285,905.285,62.858,0,0,244.443,196.265,244.443,196.265,81.305,81.305,0.034,0.045,251.239,201.728,251.239,201.728,8.901,0.344,1, 
5.65,0,13.968, ,1,0,1,0,15.702,24.45,80.71,80.92,6.69,0.334,1.245,0.099,0.099,5.136,903.751,903.751,903.751,62.857,0,0,245.029,196.737,245.029,196.737,81.637,81.637,0.034,0.045,250.821,201.392,250.821,201.392,8.941,0.334,1, 
5.7,0,13.97, ,1,0,1,0,15.701,24.45,80.71,80.92,6.678,0.329,1.245,0.101,0.101,5.157,902.208,902.208,902.208,62.855,0,0,245.613,197.207,245.613,197.207,81.969,81.969,0.034,0.045,250.4,201.054,250.4,201.054,8.981,0.329,1, 
5.75,0,13.947, ,1,0,1,0,15.7,24.45,80.71,80.92,6.666,0.324,1.245,0.102,0.102,5.178,900.708,900.708,900.708,62.854,0,0,246.193,197.674,246.193,197.674,82.3,82.3,0.034,0.045,249.991,200.724,249.991,200.724,9.008,0.324,1, 
5.8,0,13.986, ,1,0,1,0,15.699,24.45,80.71,80.92,6.655,0.319,1.245,0.103,0.103,5.198,899.212,899.212,899.212,62.852,0,0,246.773,198.141,246.773,198.141,82.631,82.631,0.034,0.045,249.583,200.396,249.583,200.396,9.032,0.319,1, 
5.85,0,14.013, ,1,0,1,0,15.698,24.45,80.71,80.92,6.64,0.314,1.245,0.104,0.104,5.219,897.28,897.28,897.28,62.85,0,0,247.22,198.501,247.22,198.501,82.961,82.961,0.034,0.045,249.051,199.968,249.051,199.968,9.056,0.314,1, 
5.9,0,14.023, ,1,0,1,0,15.697,24.45,80.71,80.92,6.624,0.319,1.245,0.105,0.105,5.239,895.223,895.223,895.223,62.849,0,0,247.63,198.831,247.63,198.831,83.291,83.291,0.034,0.045,248.484,199.513,248.484,199.513,9.08,0.319,1, 
5.95,0,14.005, ,1,0,1,0,15.696,24.45,80.71,80.92,6.605,0.324,1.245,0.106,0.106,5.26,892.754,892.754,892.754,62.847,0,0,247.913,199.058,247.913,199.058,83.621,83.621,0.034,0.045,247.801,198.966,247.801,198.966,9.077,0.324,1, 
6,0,14.004, ,1,0,1,0,15.694,24.45,80.71,80.92,6.585,0.333,1.245,0.107,0.107,5.28,890.106,890.106,890.106,62.846,0,0,248.141,199.241,248.141,199.241,83.948,83.948,0.034,0.045,247.07,198.378,247.07,198.378,9.059,0.333,1, 
6.05,0,13.972, ,1,0,1,0,15.693,24.45,80.71,80.92,6.567,0.343,1.245,0.109,0.109,5.3,887.701,887.701,887.701,62.844,0,0,248.431,199.473,248.431,199.473,84.273,84.273,0.034,0.045,246.407,197.846,246.407,197.846,9.04,0.343,1, 
6.1,0,13.989, ,1,0,1,0,15.692,24.45,80.71,80.92,6.549,0.348,1.245,0.11,0.11,5.32,885.431,885.431,885.431,62.842,0,0,248.757,199.733,248.757,199.733,84.597,84.597,0.034,0.045,245.783,197.344,245.783,197.344,9.022,0.348,1, 
6.15,0,13.963, ,1,0,1,0,15.691,24.45,80.71,80.92,6.531,0.353,1.245,0.111,0.111,5.341,883.016,883.016,883.016,62.841,0,0,249.03,199.952,249.03,199.952,84.921,84.921,0.034,0.045,245.122,196.813,245.122,196.813,9.03,0.353,1, 
6.2,0,13.959, ,1,0,1,0,15.69,24.45,80.71,80.92,6.512,0.35,1.245,0.112,0.112,5.361,880.505,880.505,880.505,62.839,0,0,249.27,200.143,249.27,200.143,85.243,85.243,0.034,0.045,244.438,196.261,244.438,196.261,9.051,0.35,1, 
6.25,0,13.961, ,1,0,1,0,15.688,24.45,80.71,80.92,6.497,0.345,1.245,0.113,0.113,5.381,878.611,878.611,878.611,62.837,0,0,249.673,200.467,249.673,200.467,85.565,85.565,0.034,0.045,243.922,195.847,243.922,195.847,9.073,0.345,1, 
6.3,0,14.01, ,1,0,1,0,15.686,24.45,80.71,80.92,6.486,0.336,1.245,0.114,0.114,5.401,877.163,877.163,877.163,62.836,0,0,250.197,200.888,250.197,200.888,85.887,85.887,0.034,0.045,243.529,195.532,243.529,195.532,9.094,0.336,1, 
6.35,0,13.979, ,1,0,1,0,15.684,24.45,80.71,80.92,6.472,0.326,1.245,0.116,0.116,5.421,875.327,875.327,875.327,62.834,0,0,250.61,201.22,250.61,201.22,86.208,86.208,0.034,0.045,243.029,195.13,243.029,195.13,9.128,0.326,1, 
6.4,0,14.016, ,1,0,1,0,15.682,24.45,80.71,80.92,6.455,0.32,1.245,0.117,0.117,5.441,873.186,873.186,873.186,62.831,0,0,250.936,201.483,250.936,201.483,86.53,86.53,0.034,0.045,242.443,194.661,242.443,194.661,9.176,0.32,1, 
6.45,0,14.019, ,1,0,1,0,15.68,24.45,80.71,80.92,6.444,0.315,1.245,0.118,0.118,5.461,871.738,871.738,871.738,62.828,0,0,251.452,201.897,251.452,201.897,86.852,86.852,0.034,0.045,242.049,194.345,242.049,194.345,9.225,0.315,1, 
6.5,0,14.03, ,1,0,1,0,15.678,24.45,80.71,80.92,6.437,0.314,1.245,0.119,0.119,5.485,870.792,870.792,870.792,62.825,0,0,252.105,202.421,252.105,202.421,87.171,87.171,0.034,0.045,241.795,194.141,241.795,194.141,9.274,0.314,1, 
6.55,0,14.018, ,1,0,1,0,15.676,24.45,80.71,80.92,6.428,0.314,1.245,0.12,0.12,5.505,869.668,869.668,869.668,62.821,0,0,252.699,202.897,252.699,202.897,87.489,87.489,0.034,0.045,241.492,193.899,241.492,193.899,9.302,0.314,1, 
6.6,0,14.027, ,1,0,1,0,15.674,24.45,80.71,80.92,6.418,0.314,1.245,0.122,0.122,5.524,868.425,868.425,868.425,62.818,0,0,253.253,203.341,253.253,203.341,87.807,87.807,0.034,0.045,241.157,193.632,241.157,193.632,9.318,0.314,1, 
6.65,0,14.028, ,1,0,1,0,15.672,24.45,80.71,80.92,6.409,0.314,1.245,0.123,0.123,5.544,867.284,867.284,867.284,62.815,0,0,253.837,203.81,253.837,203.81,88.126,88.126,0.034,0.045,240.852,193.387,240.852,193.387,9.334,0.314,1, 
6.7,0,14.04, ,1,0,1,0,15.67,24.45,80.71,80.92,6.401,0.314,1.245,0.124,0.124,5.564,866.205,866.205,866.205,62.812,0,0,254.44,204.295,254.44,204.295,88.443,88.443,0.034,0.045,240.565,193.157,240.565,193.157,9.35,0.314,1, 
6.75,0,14.011, ,1,0,1,0,15.669,24.45,80.71,80.92,6.392,0.314,1.245,0.126,0.126,5.584,865.119,865.119,865.119,62.811,0,0,255.034,204.772,255.034,204.772,88.761,88.761,0.034,0.045,240.274,192.923,240.274,192.923,9.361,0.314,1, 
6.8,0,13.969, ,1,0,1,0,15.667,24.45,80.71,80.92,6.384,0.314,1.245,0.127,0.127,5.603,864.03,864.03,864.03,62.81,0,0,255.623,205.247,255.623,205.247,89.08,89.08,0.034,0.045,239.98,192.688,239.98,192.688,9.361,0.314,1, 
6.85,0,13.932, ,1,0,1,0,15.665,24.45,80.71,80.92,6.376,0.314,1.245,0.128,0.128,5.623,863.072,863.072,863.072,62.81,0,0,256.251,205.75,256.251,205.75,89.4,89.4,0.034,0.045,239.723,192.481,239.723,192.481,9.36,0.314,1, 
6.9,0,13.889, ,1,0,1,0,15.663,24.45,80.71,80.92,6.369,0.312,1.245,0.13,0.13,5.643,862.161,862.161,862.161,62.809,0,0,256.891,206.264,256.891,206.264,89.716,89.716,0.034,0.045,239.48,192.285,239.48,192.285,9.36,0.312,1, 
6.95,0,13.873, ,1,0,1,0,15.661,24.45,80.71,80.92,6.363,0.31,1.245,0.131,0.131,5.663,861.394,861.394,861.394,62.807,0,0,257.565,206.804,257.565,206.804,90.032,90.032,0.034,0.045,239.272,192.118,239.272,192.118,9.36,0.31,1, 
7,0,13.854, ,1,0,1,0,15.659,24.45,80.71,80.92,6.357,0.307,1.245,0.132,0.132,5.682,860.66,860.66,860.66,62.804,0,0,258.245,207.349,258.245,207.349,90.347,90.347,0.034,0.045,239.07,191.956,239.07,191.956,9.36,0.307,1, 
7.05,0,13.853, ,1,0,1,0,15.657,24.45,80.71,80.92,6.348,0.305,1.245,0.133,0.133,5.702,859.518,859.518,859.518,62.8,0,0,258.801,207.795,258.801,207.795,90.661,90.661,0.034,0.045,238.758,191.705,238.758,191.705,9.361,0.305,1, 
7.1,0,13.856, ,1,0,1,0,15.655,24.45,80.71,80.92,6.339,0.304,1.245,0.134,0.134,5.721,858.33,858.33,858.33,62.797,0,0,259.343,208.23,259.343,208.23,90.978,90.978,0.034,0.045,238.433,191.443,238.433,191.443,9.361,0.304,1, 
7.15,0,13.849, ,1,0,1,0,15.653,24.45,80.71,80.92,6.331,0.304,1.245,0.136,0.136,5.741,857.373,857.373,857.373,62.793,0,0,259.951,208.719,259.951,208.719,91.295,91.295,0.034,0.045,238.169,191.231,238.169,191.231,9.369,0.304,1, 
7.2,0,13.851, ,1,0,1,0,15.651,24.45,80.71,80.92,6.323,0.309,1.245,0.137,0.137,5.761,856.402,856.402,856.402,62.79,0,0,260.554,209.204,260.554,209.204,91.609,91.609,0.034,0.045,237.902,191.016,237.902,191.016,9.4,0.309,1, 
7.25,0,13.818, ,1,0,1,0,15.649,24.45,80.71,80.92,6.315,0.316,1.245,0.138,0.138,5.78,855.335,855.335,855.335,62.786,0,0,261.118,209.656,261.118,209.656,91.923,91.923,0.034,0.045,237.613,190.785,237.613,190.785,9.43,0.316,1, 
7.3,0,13.767, ,1,0,1,0,15.647,24.45,80.71,80.92,6.307,0.324,1.245,0.14,0.14,5.799,854.261,854.261,854.261,62.785,0,0,261.679,210.106,261.679,210.106,92.233,92.233,0.034,0.045,237.322,190.553,237.322,190.553,9.461,0.324,1, 
7.35,0,13.746, ,1,0,1,0,15.646,24.45,80.71,80.92,6.298,0.331,1.245,0.141,0.141,5.819,853.168,853.168,853.168,62.783,0,0,262.229,210.549,262.229,210.549,92.545,92.545,0.034,0.045,237.024,190.314,237.024,190.314,9.5,0.331,1, 
7.4,0,13.756, ,1,0,1,0,15.644,24.45,80.71,80.92,6.288,0.334,1.245,0.142,0.142,5.838,851.874,851.874,851.874,62.781,0,0,262.717,210.941,262.717,210.941,92.86,92.86,0.034,0.045,236.671,190.031,236.671,190.031,9.557,0.334,1, 
7.45,0,13.685, ,1,0,1,0,15.642,24.45,80.71,80.92,6.275,0.334,1.245,0.143,0.143,5.858,850.252,850.252,850.252,62.78,0,0,263.105,211.251,263.105,211.251,93.174,93.174,0.034,0.045,236.228,189.674,236.228,189.674,9.615,0.334,1, 
7.5,0,13.705, ,1,0,1,0,15.64,24.45,80.71,80.92,6.264,0.33,1.245,0.145,0.145,5.877,848.813,848.813,848.813,62.78,0,0,263.54,211.601,263.54,211.601,93.488,93.488,0.034,0.045,235.836,189.358,235.836,189.358,9.672,0.33,1, 
7.55,0,13.697, ,1,0,1,0,15.639,24.45,80.71,80.92,6.254,0.322,1.245,0.146,0.146,5.896,847.529,847.529,847.529,62.779,0,0,264.014,211.985,264.014,211.985,93.799,93.799,0.034,0.045,235.488,189.078,235.488,189.078,9.731,0.322,1, 
7.6,0,13.647, ,1,0,1,0,15.638,24.45,80.71,80.919,6.244,0.315,1.245,0.147,0.147,5.916,846.242,846.242,846.242,62.777,0,0,264.48,212.359,264.48,212.359,94.109,94.109,0.034,0.045,235.14,188.797,235.14,188.797,9.795,0.315,1, 
7.65,0,13.589, ,1,0,1,0,15.638,24.45,80.71,80.919,6.234,0.308,1.245,0.149,0.149,5.935,844.954,844.954,844.954,62.775,0,0,264.942,212.728,264.942,212.728,94.418,94.418,0.034,0.045,234.792,188.516,234.792,188.516,9.859,0.308,1, 
7.7,0,13.602, ,1,0,1,0,15.637,24.45,80.71,80.918,6.223,0.303,1.245,0.15,0.15,5.954,843.577,843.577,843.577,62.773,0,0,265.379,213.079,265.379,213.079,94.728,94.728,0.034,0.045,234.422,188.219,234.422,188.219,9.924,0.303,1, 
7.75,0,13.573, ,1,0,1,0,15.636,24.45,80.71,80.918,6.213,0.3,1.245,0.151,0.151,5.977,842.174,842.174,842.174,62.77,0,0,265.808,213.423,265.808,213.423,95.034,95.034,0.034,0.045,234.044,187.915,234.044,187.915,9.974,0.3,1, 
7.8,0,13.549, ,1,0,1,0,15.635,24.45,80.71,80.918,6.2,0.3,1.245,0.152,0.152,5.996,840.571,840.571,840.571,62.766,0,0,266.159,213.704,266.159,213.704,95.34,95.34,0.034,0.045,233.604,187.562,233.604,187.562,9.988,0.3,1, 
7.85,0,13.564, ,1,0,1,0,15.635,24.45,80.71,80.917,6.188,0.303,1.245,0.154,0.154,6.015,838.971,838.971,838.971,62.765,0,0,266.512,213.985,266.512,213.985,95.647,95.647,0.034,0.045,233.166,187.21,233.166,187.21,10.002,0.303,1, 
7.9,0,13.551, ,1,0,1,0,15.634,24.45,80.71,80.917,6.175,0.308,1.245,0.155,0.155,6.034,837.38,837.38,837.38,62.763,0,0,266.866,214.27,266.866,214.27,95.955,95.955,0.034,0.045,232.731,186.861,232.731,186.861,10.016,0.308,1, 
7.95,0,13.525, ,1,0,1,0,15.633,24.45,80.71,80.917,6.162,0.315,1.245,0.156,0.156,6.053,835.613,835.613,835.613,62.761,0,0,267.153,214.501,267.153,214.501,96.264,96.264,0.034,0.045,232.25,186.476,232.25,186.476,10.03,0.315,1, 
8,0,13.526, ,1,0,1,0,15.632,24.45,80.71,80.916,6.147,0.322,1.245,0.158,0.158,6.072,833.641,833.641,833.641,62.759,0,0,267.362,214.669,267.362,214.669,96.571,96.571,0.034,0.045,231.713,186.046,231.713,186.046,10.023,0.322,1, 
8.05,0,13.532, ,1,0,1,0,15.631,24.45,80.71,80.916,6.133,0.33,1.245,0.159,0.159,6.091,831.851,831.851,831.851,62.757,0,0,267.632,214.887,267.632,214.887,96.876,96.876,0.034,0.045,231.228,185.657,231.228,185.657,10.015,0.33,1, 
8.1,0,13.515, ,1,0,1,0,15.631,24.45,80.71,80.915,6.12,0.334,1.245,0.16,0.16,6.11,830.156,830.156,830.156,62.755,0,0,267.933,215.129,267.933,215.129,97.18,97.18,0.034,0.045,230.769,185.29,230.769,185.29,10.008,0.334,1, 
8.15,0,13.518, ,1,0,1,0,15.63,24.45,80.71,80.915,6.106,0.334,1.245,0.162,0.162,6.128,828.343,828.343,828.343,62.753,0,0,268.185,215.331,268.185,215.331,97.483,97.483,0.034,0.045,230.278,184.897,230.278,184.897,10.003,0.334,1, 
8.2,0,13.507, ,1,0,1,0,15.629,24.45,80.71,80.915,6.092,0.332,1.245,0.163,0.163,6.147,826.546,826.546,826.546,62.75,0,0,268.438,215.533,268.438,215.533,97.788,97.788,0.034,0.045,229.791,184.507,229.791,184.507,10.028,0.332,1, 
8.25,0,13.502, ,1,0,1,0,15.628,24.45,80.71,80.914,6.079,0.327,1.245,0.164,0.164,6.166,824.925,824.925,824.925,62.746,0,0,268.736,215.772,268.736,215.772,98.092,98.092,0.034,0.045,229.346,184.149,229.346,184.149,10.052,0.327,1, 
8.3,0,13.488, ,1,0,1,0,15.628,24.45,80.71,80.914,6.065,0.322,1.245,0.166,0.166,6.184,823.034,823.034,823.034,62.744,0,0,268.943,215.938,268.943,215.938,98.393,98.393,0.034,0.045,228.827,183.732,228.827,183.732,10.077,0.322,1, 
8.35,0,13.488, ,1,0,1,0,15.627,24.45,80.71,80.913,6.047,0.317,1.245,0.167,0.167,6.203,820.703,820.703,820.703,62.741,0,0,269.005,215.986,269.005,215.986,98.693,98.693,0.034,0.045,228.187,183.218,228.187,183.218,10.102,0.317,1, 
8.4,0,13.496, ,1,0,1,0,15.626,24.45,80.71,80.913,6.03,0.314,1.245,0.169,0.169,6.221,818.456,818.456,818.456,62.738,0,0,269.083,216.05,269.083,216.05,98.992,98.992,0.034,0.045,227.569,182.722,227.569,182.722,10.117,0.314,1, 
8.45,0,13.528, ,1,0,1,0,15.625,24.45,80.71,80.913,6.013,0.314,1.245,0.17,0.17,6.24,816.257,816.257,816.257,62.735,0,0,269.171,216.123,269.171,216.123,99.293,99.293,0.034,0.045,226.964,182.235,226.964,182.235,10.131,0.314,1, 
8.5,0,13.543, ,1,0,1,0,15.625,24.45,80.71,80.912,5.997,0.313,1.245,0.171,0.171,6.258,814.181,814.181,814.181,62.733,0,0,269.297,216.224,269.297,216.224,99.595,99.595,0.034,0.045,226.396,181.779,226.396,181.779,10.146,0.313,1, 
8.55,0,13.544, ,1,0,1,0,15.624,24.45,80.71,80.912,5.981,0.311,1.245,0.173,0.173,6.276,812.076,812.076,812.076,62.729,0,0,269.41,216.315,269.41,216.315,99.888,99.888,0.034,0.045,225.82,181.316,225.82,181.316,10.16,0.311,1, 
8.6,0,13.531, ,1,0,1,0,15.623,24.45,80.71,80.912,5.963,0.308,1.245,0.174,0.174,6.295,809.773,809.773,809.773,62.726,0,0,269.444,216.344,269.444,216.344,100.183,100.183,0.034,0.045,225.192,180.812,225.192,180.812,10.184,0.308,1, 
8.65,0,13.516, ,1,0,1,0,15.622,24.45,80.71,80.911,5.946,0.306,1.245,0.175,0.175,6.313,807.539,807.539,807.539,62.724,0,0,269.495,216.384,269.495,216.384,100.483,100.483,0.034,0.045,224.583,180.322,224.583,180.322,10.208,0.306,1, 
8.7,0,13.499, ,1,0,1,0,15.622,24.45,80.71,80.911,5.929,0.303,1.245,0.177,0.177,6.331,805.384,805.384,805.384,62.722,0,0,269.562,216.436,269.562,216.436,100.78,100.78,0.034,0.045,223.996,179.85,223.996,179.85,10.232,0.303,1, 
8.75,0,13.48, ,1,0,1,0,15.621,24.45,80.71,80.91,5.907,0.301,1.245,0.178,0.178,6.349,802.506,802.506,802.506,62.72,0,0,269.378,216.287,269.378,216.287,101.074,101.074,0.034,0.045,223.212,179.22,223.212,179.22,10.256,0.301,1, 
8.8,0,13.488, ,1,0,1,0,15.62,24.45,80.71,80.91,5.884,0.299,1.245,0.18,0.18,6.367,799.373,799.373,799.373,62.716,0,0,269.105,216.067,269.105,216.067,101.366,101.366,0.034,0.045,222.359,178.536,222.359,178.536,10.286,0.299,1, 
8.85,0,13.501, ,1,0,1,0,15.618,24.45,80.71,80.91,5.86,0.299,1.245,0.181,0.181,6.385,796.211,796.211,796.211,62.713,0,0,268.811,215.833,268.811,215.833,101.658,101.658,0.034,0.045,221.494,177.841,221.494,177.841,10.317,0.299,1, 
8.9,0,13.505, ,1,0,1,0,15.616,24.45,80.71,80.911,5.834,0.3,1.245,0.182,0.182,6.403,792.845,792.845,792.845,62.709,0,0,268.444,215.54,268.444,215.54,101.946,101.946,0.034,0.045,220.573,177.102,220.573,177.102,10.347,0.3,1, 
8.95,0,13.494, ,1,0,1,0,15.614,24.45,80.71,80.911,5.806,0.302,1.245,0.184,0.184,6.42,789.116,789.116,789.116,62.704,0,0,267.946,215.141,267.946,215.141,102.237,102.237,0.034,0.045,219.553,176.285,219.553,176.285,10.377,0.302,1, 
9,0,13.481, ,1,0,1,0,15.612,24.45,80.71,80.912,5.782,0.306,1.245,0.185,0.185,6.438,786.014,786.014,786.014,62.698,0,0,267.648,214.901,267.648,214.901,102.53,102.53,0.034,0.045,218.706,175.605,218.706,175.605,10.425,0.306,1, 
9.05,0,13.457, ,1,0,1,0,15.61,24.45,80.71,80.912,5.761,0.313,1.245,0.187,0.187,6.456,783.207,783.207,783.207,62.695,0,0,267.443,214.737,267.443,214.737,102.817,102.817,0.034,0.045,217.94,174.99,217.94,174.99,10.475,0.313,1, 
9.1,0,13.429, ,1,0,1,0,15.609,24.45,80.71,80.912,5.741,0.322,1.245,0.188,0.188,6.476,780.685,780.685,780.685,62.693,0,0,267.318,214.633,267.318,214.633,103.102,103.102,0.034,0.045,217.25,174.434,217.25,174.434,10.525,0.322,1, 
9.15,0,13.407, ,1,0,1,0,15.607,24.45,80.71,80.913,5.724,0.334,1.245,0.189,0.189,6.494,778.455,778.455,778.455,62.689,0,0,267.291,214.61,267.291,214.61,103.387,103.387,0.034,0.045,216.641,173.944,216.641,173.944,10.575,0.334,1, 
9.2,0,13.413, ,1,0,1,0,15.605,24.45,80.71,80.913,5.712,0.345,1.245,0.191,0.191,6.511,776.844,776.844,776.844,62.685,0,0,267.469,214.754,267.469,214.754,103.672,103.672,0.034,0.045,216.205,173.593,216.205,173.593,10.602,0.345,1, 
9.25,0,13.416, ,1,0,1,0,15.603,24.45,80.71,80.913,5.702,0.35,1.245,0.192,0.192,6.529,775.592,775.592,775.592,62.681,0,0,267.771,214.998,267.771,214.998,103.955,103.955,0.034,0.045,215.863,173.318,215.863,173.318,10.619,0.35,1, 
9.3,0,13.446, ,1,0,1,0,15.601,24.45,80.71,80.914,5.694,0.354,1.245,0.194,0.194,6.546,774.541,774.541,774.541,62.677,0,0,268.143,215.297,268.143,215.297,104.239,104.239,0.034,0.045,215.575,173.085,215.575,173.085,10.635,0.354,1, 
9.35,0,13.459, ,1,0,1,0,15.599,24.45,80.71,80.914,5.691,0.354,1.245,0.195,0.195,6.564,774.244,774.244,774.244,62.673,0,0,268.771,215.803,268.771,215.803,104.523,104.523,0.034,0.045,215.5,173.027,215.5,173.027,10.652,0.354,1, 
9.4,0,13.482, ,1,0,1,0,15.597,24.45,80.71,80.915,5.689,0.353,1.245,0.197,0.197,6.581,773.993,773.993,773.993,62.671,0,0,269.413,216.32,269.413,216.32,104.806,104.806,0.034,0.045,215.436,172.977,215.436,172.977,10.64,0.353,1, 
9.45,0,13.487, ,1,0,1,0,15.595,24.45,80.71,80.915,5.687,0.348,1.245,0.198,0.198,6.599,773.816,773.816,773.816,62.669,0,0,270.08,216.854,270.08,216.854,105.087,105.087,0.034,0.045,215.392,172.942,215.392,172.942,10.619,0.348,1, 
9.5,0,13.507, ,1,0,1,0,15.593,24.45,80.71,80.915,5.684,0.344,1.245,0.2,0.2,6.616,773.435,773.435,773.435,62.667,0,0,270.671,217.329,270.671,217.329,105.368,105.368,0.034,0.045,215.293,172.864,215.293,172.864,10.598,0.344,1, 
9.55,0,13.524, ,1,0,1,0,15.591,24.45,80.71,80.916,5.68,0.344,1.245,0.201,0.201,6.634,773.002,773.002,773.002,62.665,0,0,271.244,217.788,271.244,217.788,105.651,105.651,0.034,0.045,215.181,172.775,215.181,172.775,10.578,0.344,1, 
9.6,0,13.545, ,1,0,1,0,15.589,24.45,80.71,80.916,5.678,0.343,1.245,0.202,0.202,6.651,772.755,772.755,772.755,62.663,0,0,271.884,218.3,271.884,218.3,105.935,105.935,0.034,0.045,215.123,172.728,215.123,172.728,10.593,0.343,1, 
9.65,0,13.545, ,1,0,1,0,15.587,24.45,80.71,80.917,5.677,0.338,1.245,0.204,0.204,6.668,772.64,772.64,772.64,62.661,0,0,272.741,218.988,272.741,218.988,106.219,106.219,0.034,0.045,215.102,172.71,215.102,172.71,10.636,0.338,1, 
9.7,0,13.565, ,1,0,1,0,15.586,24.45,80.709,80.917,5.676,0.333,1.245,0.206,0.206,6.686,772.669,772.669,772.669,62.659,0,0,273.832,219.865,273.832,219.865,106.596,106.596,0.034,0.045,215.12,172.725,215.12,172.725,10.678,0.333,1, 
9.75,0,13.584, ,1,0,1,0,15.584,24.45,80.704,80.917,5.674,0.326,1.245,0.207,0.207,6.703,772.488,772.488,772.488,62.657,0,0,274.541,220.435,274.541,220.435,107.009,107.009,0.034,0.045,215.08,172.693,215.08,172.693,10.721,0.326,1, 
9.8,0,13.586, ,1,0,1,0,15.582,24.45,80.7,80.918,5.672,0.319,1.245,0.209,0.209,6.721,772.184,772.184,772.184,62.656,0,0,275.155,220.929,275.155,220.929,107.292,107.292,0.034,0.045,215.004,172.631,215.004,172.631,10.757,0.319,1, 
9.85,0,13.602, ,1,0,1,0,15.58,24.45,80.696,80.918,5.667,0.314,1.245,0.21,0.21,6.738,771.623,771.623,771.623,62.654,0,0,275.676,221.348,275.676,221.348,107.574,107.574,0.034,0.045,214.854,172.511,214.854,172.511,10.789,0.314,1, 
9.9,0,13.601, ,1,0,1,0,15.578,24.45,80.692,80.918,5.66,0.309,1.245,0.212,0.212,6.755,770.788,770.788,770.788,62.65,0,0,276.095,221.684,276.095,221.684,107.856,107.856,0.034,0.045,214.627,172.329,214.627,172.329,10.822,0.309,1, 
9.95,0,13.612, ,1,0,1,0,15.576,24.45,80.687,80.919,5.653,0.309,1.245,0.213,0.213,6.773,769.799,769.799,769.799,62.647,0,0,276.458,221.974,276.458,221.974,108.136,108.136,0.034,0.045,214.358,172.112,214.358,172.112,10.854,0.309,1, 
10,0,13.608, ,1,0,1,0,15.574,24.45,80.683,80.919,5.643,0.309,1.245,0.215,0.215,6.79,768.607,768.607,768.607,62.645,0,0,276.75,222.21,276.75,222.21,108.416,108.416,0.034,0.045,214.037,171.854,214.037,171.854,10.869,0.309,1, 
10.05,0,13.595, ,1,0,1,0,15.572,24.45,80.679,80.92,5.635,0.317,1.245,0.216,0.216,6.807,767.493,767.493,767.493,62.643,0,0,277.067,222.465,277.067,222.465,108.697,108.697,0.034,0.045,213.736,171.612,213.736,171.612,10.866,0.317,1, 
10.1,0,13.581, ,1,0,1,0,15.57,24.45,80.675,80.92,5.626,0.324,1.245,0.218,0.218,6.825,766.463,766.463,766.463,62.64,0,0,277.411,222.74,277.411,222.74,108.978,108.978,0.034,0.045,213.456,171.387,213.456,171.387,10.863,0.324,1, 
10.15,0,13.584, ,1,0,1,0,15.568,24.45,80.671,80.92,5.614,0.324,1.245,0.219,0.219,6.842,764.825,764.825,764.825,62.637,0,0,277.523,222.83,277.523,222.83,109.258,109.258,0.034,0.045,213.01,171.03,213.01,171.03,10.859,0.324,1, 
10.2,0,13.563, ,1,0,1,0,15.566,24.45,80.666,80.92,5.601,0.324,1.245,0.221,0.221,6.859,763.233,763.233,763.233,62.634,0,0,277.649,222.931,277.649,222.931,109.538,109.538,0.034,0.045,212.579,170.684,212.579,170.684,10.843,0.324,1, 
10.25,0,13.568, ,1,0,1,0,15.563,24.45,80.662,80.92,5.591,0.329,1.245,0.222,0.222,6.876,761.881,761.881,761.881,62.631,0,0,277.856,223.097,277.856,223.097,109.816,109.816,0.034,0.045,212.215,170.393,212.215,170.393,10.816,0.329,1, 
10.3,0,13.571, ,1,0,1,0,15.561,24.45,80.658,80.92,5.576,0.334,1.245,0.224,0.224,6.893,759.893,759.893,759.893,62.628,0,0,277.828,223.074,277.828,223.074,110.091,110.091,0.034,0.045,211.673,169.958,211.673,169.958,10.788,0.334,1, 
10.35,0,13.589, ,1,0,1,0,15.559,24.45,80.654,80.92,5.559,0.334,1.245,0.225,0.225,6.91,757.673,757.673,757.673,62.623,0,0,277.714,222.981,277.714,222.981,110.367,110.367,0.034,0.045,211.066,169.471,211.066,169.471,10.761,0.334,1, 
10.4,0,13.605, ,1,0,1,0,15.556,24.45,80.65,80.92,5.541,0.334,1.245,0.227,0.227,6.927,755.412,755.412,755.412,62.619,0,0,277.584,222.877,277.584,222.877,110.644,110.644,0.034,0.045,210.448,168.974,210.448,168.974,10.735,0.334,1, 
10.45,0,13.607, ,1,0,1,0,15.554,24.45,80.645,80.92,5.525,0.339,1.245,0.228,0.228,6.944,753.345,753.345,753.345,62.615,0,0,277.514,222.821,277.514,222.821,110.921,110.921,0.034,0.045,209.883,168.521,209.883,168.521,10.711,0.339,1, 
10.5,0,13.587, ,1,0,1,0,15.552,24.45,80.641,80.92,5.51,0.344,1.245,0.23,0.23,6.961,751.317,751.317,751.317,62.612,0,0,277.45,222.769,277.45,222.769,111.193,111.193,0.034,0.045,209.33,168.077,209.33,168.077,10.687,0.344,1, 
10.55,0,13.58, ,1,0,1,0,15.55,24.45,80.637,80.92,5.488,0.344,1.245,0.232,0.232,6.98,748.472,748.472,748.472,62.609,0,0,277.08,222.472,277.08,222.472,111.464,111.464,0.034,0.045,208.549,167.451,208.549,167.451,10.663,0.344,1, 
10.6,0,13.585, ,1,0,1,0,15.547,24.45,80.633,80.92,5.469,0.344,1.245,0.233,0.233,6.997,746,746,746,62.604,0,0,276.842,222.281,276.842,222.281,111.737,111.737,0.034,0.045,207.874,166.908,207.874,166.908,10.679,0.344,1, 
10.65,0,13.599, ,1,0,1,0,15.545,24.45,80.628,80.92,5.453,0.34,1.245,0.235,0.235,7.013,743.848,743.848,743.848,62.599,0,0,276.715,222.18,276.715,222.18,112.011,112.011,0.034,0.045,207.288,166.438,207.288,166.438,10.733,0.34,1, 
10.7,0,13.604, ,1,0,1,0,15.543,24.45,80.624,80.92,5.434,0.335,1.245,0.236,0.236,7.03,741.386,741.386,741.386,62.594,0,0,276.462,221.975,276.462,221.975,112.284,112.284,0.034,0.045,206.615,165.899,206.615,165.899,10.788,0.335,1, 
10.75,0,13.602, ,1,0,1,0,15.54,24.45,80.62,80.92,5.415,0.33,1.245,0.238,0.238,7.046,738.869,738.869,738.869,62.589,0,0,276.184,221.752,276.184,221.752,112.552,112.552,0.034,0.045,205.926,165.346,205.926,165.346,10.843,0.33,1, 
10.8,0,13.612, ,1,0,1,0,15.538,24.45,80.616,80.92,5.395,0.325,1.245,0.239,0.239,7.062,736.285,736.285,736.285,62.585,0,0,275.876,221.507,275.876,221.507,112.821,112.821,0.034,0.045,205.218,164.777,205.218,164.777,10.905,0.325,1, 
10.85,0,13.599, ,1,0,1,0,15.536,24.45,80.612,80.92,5.38,0.32,1.245,0.241,0.241,7.079,734.318,734.318,734.318,62.582,0,0,275.793,221.44,275.793,221.44,113.09,113.09,0.034,0.045,204.682,164.347,204.682,164.347,10.979,0.32,1, 
10.9,0,13.572, ,1,0,1,0,15.533,24.45,80.607,80.92,5.366,0.315,1.245,0.242,0.242,7.095,732.509,732.509,732.509,62.579,0,0,275.764,221.417,275.764,221.417,113.357,113.357,0.034,0.045,204.189,163.951,204.189,163.951,11.052,0.315,1, 
10.95,0,13.549, ,1,0,1,0,15.531,24.45,80.603,80.92,5.353,0.318,1.245,0.244,0.244,7.112,730.862,730.862,730.862,62.576,0,0,275.792,221.44,275.792,221.44,113.622,113.622,0.034,0.045,203.74,163.591,203.74,163.591,11.125,0.318,1, 
11,0,13.543, ,1,0,1,0,15.529,24.45,80.6,80.92,5.341,0.323,1.245,0.246,0.246,7.128,729.348,729.348,729.348,62.575,0,0,275.867,221.501,275.867,221.501,113.887,113.887,0.034,0.045,203.329,163.26,203.329,163.26,11.18,0.323,1, 
11.05,0,13.511, ,1,0,1,0,15.527,24.45,80.6,80.92,5.33,0.328,1.245,0.247,0.247,7.144,727.863,727.863,727.863,62.571,0,0,275.947,221.566,275.947,221.566,114.152,114.152,0.034,0.045,202.926,162.934,202.926,162.934,11.205,0.328,1, 
11.1,0,13.509, ,1,0,1,0,15.524,24.45,80.6,80.92,5.318,0.333,1.245,0.249,0.249,7.16,726.403,726.403,726.403,62.567,0,0,276.028,221.63,276.028,221.63,114.417,114.417,0.034,0.045,202.53,162.613,202.53,162.613,11.23,0.333,1, 
11.15,0,13.519, ,1,0,1,0,15.522,24.45,80.6,80.92,5.306,0.338,1.245,0.25,0.25,7.176,724.856,724.856,724.856,62.562,0,0,276.073,221.667,276.073,221.667,114.682,114.682,0.034,0.045,202.108,162.274,202.108,162.274,11.255,0.338,1, 
11.2,0,13.533, ,1,0,1,0,15.52,24.45,80.6,80.92,5.293,0.343,1.245,0.252,0.252,7.192,723.055,723.055,723.055,62.559,0,0,276.02,221.625,276.02,221.625,114.945,114.945,0.034,0.045,201.616,161.879,201.616,161.879,11.279,0.343,1, 
11.25,0,13.545, ,1,0,1,0,15.517,24.45,80.6,80.92,5.276,0.344,1.245,0.253,0.253,7.208,720.857,720.857,720.857,62.555,0,0,275.818,221.461,275.818,221.461,115.206,115.206,0.034,0.045,201.015,161.396,201.015,161.396,11.291,0.344,1, 
11.3,0,13.577, ,1,0,1,0,15.515,24.45,80.6,80.92,5.26,0.344,1.245,0.255,0.255,7.224,718.81,718.81,718.81,62.552,0,0,275.658,221.332,275.658,221.332,115.467,115.467,0.034,0.045,200.457,160.949,200.457,160.949,11.303,0.344,1, 
11.35,0,13.577, ,1,0,1,0,15.513,24.45,80.6,80.92,5.246,0.344,1.245,0.257,0.257,7.24,717.03,717.03,717.03,62.549,0,0,275.597,221.284,275.597,221.284,115.73,115.73,0.034,0.045,199.973,160.561,199.973,160.561,11.315,0.344,1, 
11.4,0,13.567, ,1,0,1,0,15.51,24.45,80.6,80.92,5.235,0.344,1.245,0.258,0.258,7.256,715.625,715.625,715.625,62.546,0,0,275.679,221.35,275.679,221.35,115.992,115.992,0.034,0.045,199.593,160.257,199.593,160.257,11.328,0.344,1, 
11.45,0,13.569, ,1,0,1,0,15.509,24.45,80.6,80.92,5.225,0.34,1.245,0.26,0.26,7.272,714.342,714.342,714.342,62.544,0,0,275.8,221.447,275.8,221.447,116.252,116.252,0.034,0.045,199.245,159.976,199.245,159.976,11.343,0.34,1, 
11.5,0,13.564, ,1,0,1,0,15.509,24.45,80.6,80.919,5.214,0.335,1.245,0.261,0.261,7.288,712.954,712.954,712.954,62.541,0,0,275.877,221.508,275.877,221.508,116.51,116.51,0.034,0.045,198.868,159.672,198.868,159.672,11.357,0.335,1, 
11.55,0,13.564, ,1,0,1,0,15.508,24.45,80.6,80.919,5.203,0.329,1.245,0.263,0.263,7.304,711.419,711.419,711.419,62.536,0,0,275.892,221.52,275.892,221.52,116.771,116.771,0.034,0.045,198.449,159.336,198.449,159.336,11.372,0.329,1, 
11.6,0,13.567, ,1,0,1,0,15.507,24.45,80.6,80.919,5.19,0.321,1.245,0.265,0.265,7.319,709.793,709.793,709.793,62.532,0,0,275.871,221.504,275.871,221.504,117.031,117.031,0.034,0.045,198.007,158.981,198.007,158.981,11.387,0.321,1, 
11.65,0,13.578, ,1,0,1,0,15.506,24.45,80.6,80.918,5.177,0.316,1.245,0.266,0.266,7.335,708.108,708.108,708.108,62.528,0,0,275.825,221.466,275.825,221.466,117.286,117.286,0.034,0.045,197.549,158.612,197.549,158.612,11.398,0.316,1, 
11.7,0,13.574, ,1,0,1,0,15.506,24.45,80.6,80.918,5.163,0.311,1.245,0.268,0.268,7.351,706.351,706.351,706.351,62.524,0,0,275.748,221.402,275.748,221.402,117.543,117.543,0.034,0.045,197.071,158.229,197.071,158.229,11.409,0.311,1, 
11.75,0,13.593, ,1,0,1,0,15.505,24.45,80.6,80.917,5.147,0.309,1.245,0.269,0.269,7.366,704.178,704.178,704.178,62.519,0,0,275.501,221.203,275.501,221.203,117.799,117.799,0.034,0.045,196.479,157.754,196.479,157.754,11.42,0.309,1, 
11.8,0,13.595, ,1,0,1,0,15.504,24.45,80.6,80.917,5.134,0.309,1.245,0.271,0.271,7.382,702.489,702.489,702.489,62.516,0,0,275.438,221.153,275.438,221.153,118.054,118.054,0.034,0.045,196.021,157.387,196.021,157.387,11.429,0.309,1, 
11.85,0,13.589, ,1,0,1,0,15.503,24.45,80.6,80.917,5.123,0.314,1.245,0.273,0.273,7.397,701.099,701.099,701.099,62.512,0,0,275.487,221.192,275.487,221.192,118.311,118.311,0.034,0.045,195.647,157.086,195.647,157.086,11.43,0.314,1, 
11.9,0,13.585, ,1,0,1,0,15.502,24.45,80.6,80.916,5.109,0.321,1.245,0.274,0.274,7.413,699.316,699.316,699.316,62.509,0,0,275.381,221.107,275.381,221.107,118.566,118.566,0.034,0.045,195.161,156.695,195.161,156.695,11.431,0.321,1, 
11.95,0,13.585, ,1,0,1,0,15.502,24.45,80.6,80.916,5.095,0.327,1.245,0.276,0.276,7.428,697.439,697.439,697.439,62.505,0,0,275.228,220.985,275.228,220.985,118.817,118.817,0.034,0.045,194.646,156.282,194.646,156.282,11.432,0.327,1, 
12,0,13.571, ,1,0,1,0,15.501,24.45,80.6,80.915,5.08,0.332,1.245,0.278,0.278,7.444,695.511,695.511,695.511,62.502,0,0,275.048,220.842,275.048,220.842,119.071,119.071,0.034,0.045,194.118,155.859,194.118,155.859,11.432,0.332,1, 
12.05,0,13.58, ,1,0,1,0,15.5,24.45,80.6,80.915,5.065,0.337,1.245,0.279,0.279,7.461,693.564,693.564,693.564,62.498,0,0,274.859,220.691,274.859,220.691,119.323,119.323,0.034,0.045,193.585,155.431,193.585,155.431,11.465,0.337,1, 
12.1,0,13.579, ,1,0,1,0,15.499,24.45,80.6,80.915,5.044,0.342,1.245,0.281,0.281,7.477,690.818,690.818,690.818,62.495,0,0,274.346,220.28,274.346,220.28,119.575,119.575,0.034,0.045,192.828,154.826,192.828,154.826,11.501,0.342,1, 
12.15,0,13.566, ,1,0,1,0,15.499,24.45,80.6,80.914,5.017,0.341,1.245,0.283,0.283,7.492,687.3,687.3,687.3,62.489,0,0,273.52,219.617,273.52,219.617,119.829,119.829,0.034,0.045,191.858,154.048,191.858,154.048,11.538,0.341,1, 
12.2,0,13.555, ,1,0,1,0,15.498,24.45,80.6,80.914,4.983,0.336,1.245,0.284,0.284,7.507,682.719,682.719,682.719,62.483,0,0,272.263,218.608,272.263,218.608,120.078,120.078,0.034,0.045,190.596,153.036,190.596,153.036,11.574,0.336,1, 
12.25,0,13.531, ,1,0,1,0,15.497,24.45,80.6,80.914,4.941,0.331,1.245,0.286,0.286,7.521,677.278,677.278,677.278,62.476,0,0,270.642,217.306,270.642,217.306,120.324,120.324,0.034,0.045,189.099,151.834,189.099,151.834,11.592,0.331,1, 
12.3,0,13.488, ,1,0,1,0,15.496,24.45,80.6,80.913,4.9,0.326,1.245,0.288,0.288,7.536,671.756,671.756,671.756,62.469,0,0,268.981,215.971,268.981,215.971,120.571,120.571,0.034,0.045,187.578,150.612,187.578,150.612,11.61,0.326,1, 
12.35,0,13.461, ,1,0,1,0,15.496,24.45,80.6,80.913,4.858,0.321,1.245,0.289,0.289,7.55,666.268,666.268,666.268,62.462,0,0,267.327,214.641,267.327,214.641,120.815,120.815,0.034,0.045,186.065,149.395,186.065,149.395,11.628,0.321,1, 
12.4,0,13.446, ,1,0,1,0,15.495,24.45,80.6,80.912,4.821,0.317,1.245,0.291,0.291,7.564,661.392,661.392,661.392,62.456,0,0,265.903,213.497,265.903,213.497,121.056,121.056,0.034,0.045,184.723,148.318,184.723,148.318,11.645,0.317,1, 
12.45,0,13.445, ,1,0,1,0,15.494,24.45,80.6,80.912,4.795,0.317,1.245,0.293,0.293,7.579,657.889,657.889,657.889,62.453,0,0,265.019,212.786,265.019,212.786,121.293,121.293,0.034,0.045,183.758,147.542,183.758,147.542,11.62,0.317,1, 
12.5,0,13.461, ,1,0,1,0,15.493,24.45,80.6,80.912,4.775,0.321,1.245,0.294,0.294,7.593,655.27,655.27,655.27,62.449,0,0,264.485,212.356,264.485,212.356,121.531,121.531,0.034,0.045,183.035,146.962,183.035,146.962,11.595,0.321,1, 
12.55,0,13.454, ,1,0,1,0,15.493,24.45,80.6,80.911,4.758,0.324,1.245,0.296,0.296,7.607,653.054,653.054,653.054,62.447,0,0,264.108,212.054,264.108,212.054,121.769,121.769,0.034,0.045,182.423,146.471,182.423,146.471,11.569,0.324,1, 
12.6,0,13.461, ,1,0,1,0,15.492,24.45,80.6,80.911,4.745,0.324,1.245,0.298,0.298,7.622,651.47,651.47,651.47,62.445,0,0,263.976,211.949,263.976,211.949,122.008,122.008,0.034,0.045,181.991,146.124,181.991,146.124,11.544,0.324,1, 
12.65,0,13.462, ,1,0,1,0,15.491,24.45,80.6,80.91,4.734,0.326,1.245,0.299,0.299,7.636,649.987,649.987,649.987,62.441,0,0,263.883,211.875,263.883,211.875,122.242,122.242,0.034,0.045,181.586,145.8,181.586,145.8,11.564,0.326,1, 
12.7,0,13.46, ,1,0,1,0,15.49,24.45,80.6,80.91,4.722,0.331,1.245,0.301,0.301,7.65,648.448,648.448,648.448,62.438,0,0,263.765,211.783,263.765,211.783,122.477,122.477,0.034,0.045,181.165,145.462,181.165,145.462,11.6,0.331,1, 
12.75,0,13.448, ,1,0,1,0, ,24.45,80.6, ,4.708,0.334,1.245,0.303,0.303,7.665,646.64,646.64,646.64,62.434,0,0,263.535,211.597,263.535,211.597,122.713,122.713,0.034,0.045,180.674,145.068,180.674,145.068,11.636,0.334,1, 
12.8,0,13.459, ,1,0,1,0, ,24.45,80.6, ,4.698,0.334,1.245,0.304,0.304,7.679,645.36,645.36,645.36,62.43,0,0,263.515,211.58,263.515,211.58,122.947,122.947,0.034,0.045,180.33,144.791,180.33,144.791,11.672,0.334,1, 
12.85,0,13.437, ,1,0,1,0, ,24.45,80.6, ,4.69,0.336,1.245,0.306,0.306,7.693,644.275,644.275,644.275,62.427,0,0,263.573,211.626,263.573,211.626,123.182,123.182,0.034,0.045,180.039,144.557,180.039,144.557,11.72,0.336,1, 
12.9,0,13.423, ,1,0,1,0, ,24.45,80.6, ,4.677,0.341,1.245,0.308,0.308,7.707,642.563,642.563,642.563,62.423,0,0,263.376,211.468,263.376,211.468,123.415,123.415,0.034,0.045,179.569,144.18,179.569,144.18,11.77,0.341,1, 
12.95,0,13.412, ,1,0,1,0, ,24.45,80.6, ,4.66,0.342,1.245,0.309,0.309,7.721,640.445,640.445,640.445,62.42,0,0,262.999,211.166,262.999,211.166,123.646,123.646,0.034,0.045,178.987,143.713,178.987,143.713,11.82,0.342,1, 
13,0,13.405, ,1,0,1,0, ,24.45,80.6, ,4.646,0.337,1.245,0.311,0.311,7.735,638.607,638.607,638.607,62.416,0,0,262.734,210.954,262.734,210.954,123.879,123.879,0.034,0.045,178.482,143.308,178.482,143.308,11.869,0.337,1, 
13.05,0,13.399, ,1,0,1,0, ,24.45,80.6, ,4.626,0.332,1.245,0.313,0.313,7.749,635.904,635.904,635.904,62.412,0,0,262.108,210.453,262.108,210.453,124.11,124.11,0.034,0.045,177.717,142.694,177.717,142.694,11.902,0.332,1, 
13.1,0,13.421, ,1,0,1,0, ,24.45,80.6, ,4.358,0.327,1.245,0.315,0.315,7.779,600.261,600.261,600.261,62.482,0,0,247.802,198.968,247.802,198.968,124.334,124.334,0.034,0.045,167.337,134.361,167.337,134.361,11.927,0.327,1, 
13.15,0,13.445, ,1,0,1,0, ,24.45,80.6, ,3.755,0.322,1.245,0.316,0.316,7.804,519.688,519.688,519.688,62.683,0,0,214.786,172.459,214.786,172.459,124.546,124.546,0.034,0.045,144.691,116.179,144.691,116.179,11.951,0.322,1, 
13.2,0,13.726, ,1,0,1,0, ,24.45,80.6, ,2.949,0.317,1.245,0.319,0.319,7.793,412.139,412.139,412.139,62.439,0,0,170.508,136.906,170.508,136.906,124.706,124.706,0.034,0.045,114.649,92.057,114.649,92.057,11.976,0.317,1, 
13.25,0,14.75, ,1,0,1,0, ,24.45,80.6, ,2.07,0.316,1.245,0.32,0.32,7.79,294.742,294.742,294.742,62.29,0,0,122.053,98.001,122.053,98.001,124.829,124.829,0.034,0.045,81.832,65.705,81.832,65.705,11.999,0.316,1, 
13.3,0,15.873, ,1,0,1,0, ,24.45,80.6, ,1.015,0.321,1.245,0.322,0.322,7.772,153.965,153.965,153.965,62.226,0,0,63.792,51.221,63.792,51.221,124.911,124.911,0.034,0.045,42.368,34.019,42.368,34.019,12.023,0.321,1, 
13.35,0,16.778, ,1,0,1,0, ,24.45,80.6, ,-0.001,0.324,1.245,0.324,0.324,7.749,18.229,18.229,18.229,62.221,0,0,7.559,6.07,7.559,6.07,124.939,124.939,0.034,0.045,4.557,3.659,4.557,3.659,12.046,0.324,1, 
13.4,0,17.263, ,1,0,1,0, ,24.45,80.6, ,-0.86,0.324,1.245,0.326,0.326,7.722,-96.472,-96.472,-96.472,61.898,0,0,-39.996,-32.113,-39.996,-32.113,124.908,124.908,0.034,0.045,-27.226,-21.862,-27.226,-21.862,12.069,0.324,1, 
13.45,0,17.699, ,1,0,1,0, ,24.45,80.6, ,-1.148,0.325,1.245,0.327,0.327,7.709,-134.909,-134.909,-134.909,61.784,0,0,-55.938,-44.913,-55.938,-44.913,124.877,124.877,0.034,0.045,-38.063,-30.563,-38.063,-30.563,12.083,0.325,1, 
13.5,0,17.786, ,1,0,1,0, ,24.45,80.6, ,-1.487,0.327,1.245,0.328,0.328,7.693,-180.163,-180.163,-180.163,61.932,0,0,-74.702,-59.98,-74.702,-59.98,124.852,124.852,0.034,0.044,-50.833,-40.816,-50.833,-40.816,12.088,0.327,1, 
13.55,0,17.47, ,1,0,1,0, ,24.45,80.6, ,-1.83,0.327,1.245,0.329,0.329,7.693,-225.96,-225.96,-225.96,61.918,0,0,-93.68,-75.219,-93.68,-75.219,124.815,124.815,0.034,0.044,-63.661,-51.116,-63.661,-51.116,12.093,0.327,1, 
13.6,0,17.364, ,1,0,1,0, , , , , ,0.32, ,0.33,0.33,7.663, , , ,61.667,0,0, , , , ,124.764,124.764,0.034,0.044, , , , ,12.098,0.32,1, 
13.65,0,18.151, ,1,0,1,0, , , , , , , ,0.331,0.331,7.643, , , , , , , , , , , , , , , , , , , , , , 
13.7,0,19, ,1,0,1,0, , , , , , , ,0.332,0.332,7.659, , , , , , , , , , , , , , , , , , , , , , 
